season,team,rush_attempts,pass_rate,rush_rate,epa_per_pass,epa_per_rush,rush_success_rate,pass_success_rate,yards_per_carry,pct_off_10_personnel,pct_off_11_personnel,pct_off_12_personnel,pct_off_13_personnel,pct_off_21_personnel,pct_off_22_personnel,avg_box_count_on_rush,epa_per_rush_vs_base,epa_per_rush_vs_nickel,epa_per_rush_vs_dime,pct_def_base,pct_def_nickel,pct_def_dime,avg_db_weight,avg_lb_weight,avg_height_in_db,avg_height_in_lb,avg_forty_lb,avg_forty_db,team_rushing_rank,run_first_label
2010,ARI,321,0.656,0.344,-0.277999997,-0.125,0.361,0.37,4.320000172,0,0,0,0,0,0,,,,,0,0,0,,,,,4.676,4.489,26,pass_first
2010,ATL,494,0.563,0.437,0.118000001,-0.067000002,0.362,0.459,3.960000038,0,0,0,0,0,0,,,,,0,0,0,195.2,235.2,70.8,72.7,4.676,4.489,14,pass_first
2010,BAL,524,0.535,0.465,0.072999999,-0.094999999,0.378,0.425,3.869999886,0,0,0,0,0,0,,,,,0,0,0,,,,,4.676,4.489,18,run_first
2010,BUF,400,0.58,0.42,-0.107000001,-0.116999999,0.398,0.401,4.300000191,0,0,0,0,0,0,,,,,0,0,0,196.6,246.5,70.7,73.9,4.676,4.489,25,pass_first
2010,CAR,426,0.555,0.445,-0.30399999,-0.196999997,0.331,0.333,4.340000153,0,0,0,0,0,0,,,,,0,0,0,196.7,235,71.6,72.8,4.676,4.489,32,pass_first
2010,CHI,461,0.564,0.436,-0.125,-0.048,0.38,0.404,4.119999886,0,0,0,0,0,0,,,,,0,0,0,197.9,238.9,71.4,73.5,4.676,4.489,12,pass_first
2010,CIN,417,0.597,0.403,0.037,-0.170000002,0.386,0.481,3.680000067,0,0,0,0,0,0,,,,,0,0,0,202.2,248.3,71.8,75,4.676,4.489,31,pass_first
2010,CLE,401,0.561,0.439,-0.093000002,-0.101000004,0.372,0.418,4.139999866,0,0,0,0,0,0,,,,,0,0,0,,,,,4.676,4.489,21,pass_first
2010,DAL,420,0.591,0.409,0.039000001,-0.035999998,0.4,0.463,4.28000021,0,0,0,0,0,0,,,,,0,0,0,203.8,248.4,71.8,74.5,4.676,4.489,8,pass_first
2010,DEN,390,0.613,0.387,0.061999999,-0.158000007,0.344,0.424,3.980000019,0,0,0,0,0,0,,,,,0,0,0,197.5,254.9,71.4,74.7,4.676,4.489,30,pass_first
2010,DET,400,0.623,0.377,0.004,-0.098999999,0.368,0.432,4.039999962,0,0,0,0,0,0,,,,,0,0,0,196.6,240.2,71,73.9,4.676,4.489,19,pass_first
2010,GB,509,0.585,0.415,0.184,-0.046,0.397,0.495,3.99000001,0,0,0,0,0,0,,,,,0,0,0,198.2,244,71.7,74.6,4.676,4.489,9,pass_first
2010,HOU,414,0.593,0.407,0.129999995,0.050000001,0.466,0.471,4.949999809,0,0,0,0,0,0,,,,,0,0,0,,,,,4.676,4.489,4,pass_first
2010,IND,405,0.641,0.359,0.170000002,-0.057999998,0.395,0.511,3.930000067,0,0,0,0,0,0,,,,,0,0,0,195.9,238.2,70.9,72.4,4.676,4.489,13,pass_first
2010,JAX,503,0.501,0.499,-0.033,0.066,0.455,0.438,4.760000229,0,0,0,0,0,0,,,,,0,0,0,197.7,240.5,71.8,74.2,4.676,4.489,3,run_first
2010,KC,566,0.481,0.519,0.059999999,-0.027000001,0.396,0.44,4.849999905,0,0,0,0,0,0,,,,,0,0,0,199.3,245.9,71.9,74.5,4.676,4.489,7,run_first
2010,LA,420,0.597,0.403,-0.081,-0.135000005,0.336,0.409,3.779999971,0,0,0,0,0,0,,,,,0,0,0,,,,,4.676,4.489,29,pass_first
2010,LAC,451,0.563,0.437,0.26699999,-0.111000001,0.37,0.5,4.039999962,0,0,0,0,0,0,,,,,0,0,0,,,,,4.676,4.489,23,pass_first
2010,LV,489,0.522,0.478,-0.037,0.012,0.384,0.404,5.130000114,0,0,0,0,0,0,,,,,0,0,0,,,,,4.676,4.489,5,run_first
2010,MIA,434,0.578,0.422,-0.032000002,-0.127000004,0.392,0.438,3.829999924,0,0,0,0,0,0,,,,,0,0,0,202.3,254.7,72.4,75,4.676,4.489,27,pass_first
2010,MIN,433,0.556,0.444,-0.169,-0.068999998,0.418,0.42,4.5,0,0,0,0,0,0,,,,,0,0,0,199.6,241,71.1,73.7,4.676,4.489,15,pass_first
2010,NE,460,0.559,0.441,0.239999995,0.108999997,0.489,0.494,4.590000153,0,0,0,0,0,0,,,,,0,0,0,200.2,246.2,70.7,74.1,4.676,4.489,2,pass_first
2010,NO,389,0.656,0.344,0.126000002,-0.098999999,0.398,0.498,4.130000114,0,0,0,0,0,0,,,,,0,0,0,194.1,237.2,71.7,73.4,4.676,4.489,19,pass_first
2010,NYG,461,0.546,0.454,0.061000001,-0.090000004,0.414,0.466,4.820000172,0,0,0,0,0,0,,,,,0,0,0,200.9,239.6,72.5,74.5,4.676,4.489,17,run_first
2010,NYJ,613,0.511,0.489,0.008,-0.016000001,0.421,0.421,4.480000019,0,0,0,0,0,0,,,,,0,0,0,199.5,251.3,71.3,75.1,4.676,4.489,6,run_first
2010,PHI,436,0.597,0.403,0.064999998,0.123000003,0.447,0.446,5.550000191,0,0,0,0,0,0,,,,,0,0,0,193.2,237.4,70.3,73.3,4.676,4.489,1,pass_first
2010,PIT,552,0.526,0.474,0.108000003,-0.046,0.373,0.45,4.179999828,0,0,0,0,0,0,,,,,0,0,0,197.5,243.8,71.7,73.5,4.676,4.489,9,run_first
2010,SEA,403,0.623,0.377,-0.066,-0.115999997,0.33,0.432,4.03000021,0,0,0,0,0,0,,,,,0,0,0,199.8,244.4,71.7,73,4.676,4.489,24,pass_first
2010,SF,394,0.579,0.421,-0.061999999,-0.077,0.383,0.377,4.21999979,0,0,0,0,0,0,,,,,0,0,0,201.8,244.8,72.2,74.1,4.676,4.489,16,pass_first
2010,TB,423,0.554,0.446,0.108000003,-0.046,0.374,0.45,4.760000229,0,0,0,0,0,0,,,,,0,0,0,201.3,237.9,72.6,73.5,4.676,4.489,9,pass_first
2010,TEN,395,0.559,0.441,0.039000001,-0.127000004,0.344,0.433,4.400000095,0,0,0,0,0,0,,,,,0,0,0,198.3,235,71.8,73,4.676,4.489,27,pass_first
2010,WAS,343,0.655,0.345,-0.074000001,-0.108000003,0.379,0.417,4.28000021,0,0,0,0,0,0,,,,,0,0,0,200.3,249.4,71.6,73.4,4.676,4.489,22,pass_first
2011,ARI,379,0.614,0.386,-0.129999995,-0.028999999,0.42,0.398,4.309999943,0,0,0,0,0,0,,,,,0,0,0,,,,,4.674,4.484,8,pass_first
2011,ATL,454,0.591,0.409,0.104000002,-0.088,0.377,0.463,4.239999771,0,0,0,0,0,0,,,,,0,0,0,195.1,237,71.3,73,4.674,4.484,23,pass_first
2011,BAL,501,0.564,0.436,0.050999999,-0.041000001,0.385,0.423,4.440000057,0,0,0,0,0,0,,,,,0,0,0,,,,,4.674,4.484,13,pass_first
2011,BUF,385,0.608,0.392,-0.030999999,0.015,0.436,0.441,5.019999981,0,0,0,0,0,0,,,,,0,0,0,199.9,255.7,70.8,74.6,4.674,4.484,6,pass_first
2011,CAR,436,0.56,0.44,0.066,0.164000005,0.454,0.448,5.539999962,0,0,0,0,0,0,,,,,0,0,0,196.3,239.5,71,73.3,4.674,4.484,1,pass_first
2011,CHI,451,0.535,0.465,-0.149000004,-0.075999998,0.368,0.408,4.480000019,0,0,0,0,0,0,,,,,0,0,0,199.6,240.2,71.7,73.9,4.674,4.484,20,run_first
2011,CIN,464,0.567,0.433,-0.029999999,-0.066,0.412,0.417,4.010000229,0,0,0,0,0,0,,,,,0,0,0,201.3,245.9,72.5,75,4.674,4.484,19,pass_first
2011,CLE,406,0.599,0.401,-0.094999999,-0.101000004,0.392,0.4,3.799999952,0,0,0,0,0,0,,,,,0,0,0,,,,,4.674,4.484,25,pass_first
2011,DAL,396,0.604,0.396,0.133000001,-0.085000001,0.412,0.478,4.590000153,0,0,0,0,0,0,,,,,0,0,0,204,249.1,71.8,74.9,4.674,4.484,22,pass_first
2011,DEN,617,0.457,0.543,-0.128999993,-0.046,0.402,0.369,4.739999771,0,0,0,0,0,0,,,,,0,0,0,197.4,246.3,71.6,73.3,4.674,4.484,15,run_first
2011,DET,364,0.676,0.324,0.127000004,-0.039999999,0.371,0.493,4.320000172,0,0,0,0,0,0,,,,,0,0,0,195.3,239.7,70.9,73.1,4.674,4.484,11,pass_first
2011,GB,396,0.618,0.382,0.356000006,-0.039999999,0.381,0.529,4.360000134,0,0,0,0,0,0,,,,,0,0,0,196.6,247.3,71.9,74,4.674,4.484,11,pass_first
2011,HOU,595,0.481,0.519,0.097999997,-0.037,0.415,0.465,4.679999828,0,0,0,0,0,0,,,,,0,0,0,,,,,4.674,4.484,10,run_first
2011,IND,375,0.601,0.399,-0.144999996,-0.129999995,0.347,0.418,4.269999981,0,0,0,0,0,0,,,,,0,0,0,197.6,238.8,71.1,73.6,4.674,4.484,31,pass_first
2011,JAX,475,0.519,0.481,-0.26699999,-0.101000004,0.375,0.336,4.179999828,0,0,0,0,0,0,,,,,0,0,0,196.2,239,71.7,73.4,4.674,4.484,25,run_first
2011,KC,477,0.527,0.473,-0.067000002,-0.115999997,0.361,0.411,3.99000001,0,0,0,0,0,0,,,,,0,0,0,203.1,248.4,72.4,74.4,4.674,4.484,30,run_first
2011,LA,401,0.601,0.399,-0.232999995,-0.143999994,0.342,0.371,4.179999828,0,0,0,0,0,0,,,,,0,0,0,,,,,4.674,4.484,32,pass_first
2011,LAC,428,0.588,0.412,0.169,-0.046,0.379,0.503,4.369999886,0,0,0,0,0,0,,,,,0,0,0,,,,,4.674,4.484,15,pass_first
2011,LV,460,0.544,0.456,0.046,-0.028999999,0.376,0.464,4.599999905,0,0,0,0,0,0,,,,,0,0,0,,,,,4.674,4.484,8,run_first
2011,MIA,458,0.533,0.467,-0.023,-0.079000004,0.36,0.406,4.360000134,0,0,0,0,0,0,,,,,0,0,0,203.7,251.9,72.2,75.7,4.674,4.484,21,run_first
2011,MIN,443,0.558,0.442,-0.149000004,0.082999997,0.422,0.376,5.239999771,0,0,0,0,0,0,,,,,0,0,0,199.2,237.3,71.3,73.7,4.674,4.484,2,pass_first
2011,NE,504,0.6,0.4,0.301999986,0.052999999,0.462,0.552,4.179999828,0,0,0,0,0,0,,,,,0,0,0,199.8,245.1,71.4,73.9,4.674,4.484,4,pass_first
2011,NO,475,0.627,0.373,0.307000011,0.046999998,0.474,0.551,4.960000038,0,0,0,0,0,0,,,,,0,0,0,193.4,235.9,71.9,73.5,4.674,4.484,5,pass_first
2011,NYG,501,0.612,0.388,0.165999994,-0.103,0.375,0.479,3.839999914,0,0,0,0,0,0,,,,,0,0,0,204,242.2,72.1,74.7,4.674,4.484,27,pass_first
2011,NYJ,436,0.573,0.427,-0.123999998,-0.057999998,0.383,0.398,3.900000095,0,0,0,0,0,0,,,,,0,0,0,195.6,249.8,70.8,74.5,4.674,4.484,17,pass_first
2011,PHI,438,0.57,0.43,0.039000001,0.082000002,0.466,0.473,5.230000019,0,0,0,0,0,0,,,,,0,0,0,197.6,233.2,71.7,72.3,4.674,4.484,3,pass_first
2011,PIT,441,0.586,0.414,0.118000001,-0.016000001,0.429,0.466,4.699999809,0,0,0,0,0,0,,,,,0,0,0,198.8,245.2,72,73.4,4.674,4.484,7,pass_first
2011,SEA,435,0.562,0.438,-0.059999999,-0.098999999,0.356,0.412,4.059999943,0,0,0,0,0,0,,,,,0,0,0,206.3,238.4,72.2,73.3,4.674,4.484,24,pass_first
2011,SF,529,0.519,0.481,0.039000001,-0.059,0.389,0.412,4.449999809,0,0,0,0,0,0,,,,,0,0,0,198.9,247.8,71.9,73.4,4.674,4.484,18,run_first
2011,TB,337,0.648,0.352,-0.108000003,-0.115000002,0.398,0.445,4.349999905,0,0,0,0,0,0,,,,,0,0,0,196.1,238.9,71.7,73.7,4.674,4.484,29,pass_first
2011,TEN,364,0.625,0.375,0.002,-0.112000003,0.332,0.431,3.99000001,0,0,0,0,0,0,,,,,0,0,0,196.7,238.5,72,74,4.674,4.484,28,pass_first
2011,WAS,388,0.62,0.38,-0.071999997,-0.045000002,0.397,0.426,4.130000114,0,0,0,0,0,0,,,,,0,0,0,199.5,254.1,71.1,74.1,4.674,4.484,14,pass_first
2012,ARI,348,0.656,0.344,-0.289000005,-0.207000002,0.31,0.368,3.470000029,0,0,0,0,0,0,,,,,0,0,0,,,,,4.665,4.483,32,pass_first
2012,ATL,415,0.635,0.365,0.221000001,-0.130999997,0.354,0.525,4,0,0,0,0,0,0,,,,,0,0,0,196.1,233.8,70.9,73.2,4.665,4.483,30,pass_first
2012,BAL,566,0.564,0.436,0.077,-0.041000001,0.375,0.435,4.340000153,0,0,0,0,0,0,,,,,0,0,0,,,,,4.665,4.483,16,pass_first
2012,BUF,432,0.556,0.444,-0.024,0.007,0.419,0.42,5.150000095,0,0,0,0,0,0,,,,,0,0,0,199.1,239.8,71.2,74.2,4.665,4.483,9,pass_first
2012,CAR,452,0.537,0.463,0.107000001,0.035999998,0.442,0.445,4.650000095,0,0,0,0,0,0,,,,,0,0,0,199.6,238.8,71.4,73.6,4.665,4.483,5,run_first
2012,CHI,452,0.54,0.46,-0.077,-0.033,0.381,0.402,4.400000095,0,0,0,0,0,0,,,,,0,0,0,197,238.8,71.9,73.6,4.665,4.483,14,run_first
2012,CIN,427,0.59,0.41,-0.039999999,0.012,0.375,0.437,4.320000172,0,0,0,0,0,0,,,,,0,0,0,203.4,248.4,72.4,74.5,4.665,4.483,8,pass_first
2012,CLE,390,0.606,0.394,-0.089000002,-0.035,0.372,0.413,4.099999905,0,0,0,0,0,0,,,,,0,0,0,,,,,4.665,4.483,15,pass_first
2012,DAL,342,0.67,0.33,0.119000003,-0.082000002,0.401,0.512,3.769999981,0,0,0,0,0,0,,,,,0,0,0,202.5,246.7,71.5,74.8,4.665,4.483,22,pass_first
2012,DEN,498,0.567,0.433,0.232999995,-0.088,0.408,0.53,4,0,0,0,0,0,0,,,,,0,0,0,193.6,237.2,71,73.2,4.665,4.483,25,pass_first
2012,DET,387,0.664,0.336,0.029999999,-0.082000002,0.403,0.473,4.179999828,0,0,0,0,0,0,,,,,0,0,0,197,235.8,71.6,73,4.665,4.483,22,pass_first
2012,GB,464,0.596,0.404,0.185000002,-0.045000002,0.369,0.507,4.099999905,0,0,0,0,0,0,,,,,0,0,0,197.1,247.9,71.9,74.2,4.665,4.483,17,pass_first
2012,HOU,551,0.549,0.451,0.120999999,-0.017000001,0.394,0.477,4.349999905,0,0,0,0,0,0,,,,,0,0,0,,,,,4.665,4.483,13,run_first
2012,IND,452,0.614,0.386,0.005,0.003,0.44,0.441,4.070000172,0,0,0,0,0,0,,,,,0,0,0,198.3,249.8,71.3,73.1,4.665,4.483,10,pass_first
2012,JAX,355,0.642,0.358,-0.138999999,-0.112999998,0.366,0.398,3.880000114,0,0,0,0,0,0,,,,,0,0,0,199.3,238.5,71.7,73.6,4.665,4.483,26,pass_first
2012,KC,495,0.507,0.493,-0.245000005,-0.050000001,0.418,0.385,4.849999905,0,0,0,0,0,0,,,,,0,0,0,199.6,248.5,72.1,74.6,4.665,4.483,18,run_first
2012,LA,398,0.597,0.403,0.002,-0.068000004,0.392,0.453,4.340000153,0,0,0,0,0,0,,,,,0,0,0,,,,,4.665,4.483,20,pass_first
2012,LAC,403,0.588,0.412,-0.012,-0.126000002,0.362,0.443,3.650000095,0,0,0,0,0,0,,,,,0,0,0,,,,,4.665,4.483,28,pass_first
2012,LV,373,0.637,0.363,-0.002,-0.185000002,0.349,0.437,3.819999933,0,0,0,0,0,0,,,,,0,0,0,,,,,4.665,4.483,31,pass_first
2012,MIA,420,0.563,0.437,-0.061000001,-0.075000003,0.405,0.431,4.329999924,0,0,0,0,0,0,,,,,0,0,0,202.9,249,72.4,75,4.665,4.483,21,pass_first
2012,MIN,500,0.523,0.477,-0.041000001,0.030999999,0.418,0.412,5.639999866,0,0,0,0,0,0,,,,,0,0,0,196,242,71.7,74.1,4.665,4.483,6,run_first
2012,NE,566,0.573,0.427,0.256000012,0.041000001,0.466,0.534,4.28000021,0,0,0,0,0,0,,,,,0,0,0,202.2,251.5,70.9,73.6,4.665,4.483,3,pass_first
2012,NO,358,0.66,0.34,0.143999994,-0.013,0.402,0.504,4.449999809,0,0,0,0,0,0,,,,,0,0,0,196.8,238,71.7,73,4.665,4.483,12,pass_first
2012,NYG,397,0.585,0.415,0.101000004,0.017000001,0.423,0.481,4.730000019,0,0,0,0,0,0,,,,,0,0,0,200.3,240,71.7,75.3,4.665,4.483,7,pass_first
2012,NYJ,489,0.524,0.476,-0.197999999,-0.050999999,0.393,0.408,3.890000105,0,0,0,0,0,0,,,,,0,0,0,199.4,249.4,71.4,74.6,4.665,4.483,19,run_first
2012,PHI,407,0.62,0.38,-0.050000001,-0.123999998,0.457,0.405,4.619999886,0,0,0,0,0,0,,,,,0,0,0,195.4,240.2,71.7,72.4,4.665,4.483,27,pass_first
2012,PIT,404,0.6,0.4,0.068000004,-0.126000002,0.339,0.471,3.829999924,0,0,0,0,0,0,,,,,0,0,0,199.4,246,72.1,73.7,4.665,4.483,28,pass_first
2012,SEA,586,0.464,0.536,0.202000007,0.039999999,0.44,0.484,5.019999981,0,0,0,0,0,0,,,,,0,0,0,205,235.3,72.3,73.3,4.665,4.483,4,run_first
2012,SF,576,0.494,0.506,0.165999994,0.109999999,0.491,0.481,5.5,0,0,0,0,0,0,,,,,0,0,0,196.9,248.3,71.4,73.9,4.665,4.483,1,run_first
2012,TB,407,0.593,0.407,0.044,-0.006,0.408,0.412,4.570000172,0,0,0,0,0,0,,,,,0,0,0,193.9,240.8,71.1,73.5,4.665,4.483,11,pass_first
2012,TEN,371,0.61,0.39,-0.100000001,-0.086999997,0.35,0.393,4.570000172,0,0,0,0,0,0,,,,,0,0,0,198.3,241.2,71.9,73.9,4.665,4.483,24,pass_first
2012,WAS,533,0.486,0.514,0.172999993,0.086000003,0.465,0.46,5.300000191,0,0,0,0,0,0,,,,,0,0,0,197.9,250.7,71.6,74.2,4.665,4.483,2,run_first
2013,ARI,403,0.605,0.395,0.002,-0.096000001,0.342,0.449,3.880000114,0,0,0,0,0,0,,,,,0,0,0,,,,,4.671,4.485,25,pass_first
2013,ATL,314,0.691,0.309,0.027000001,-0.071999997,0.389,0.463,4.019999981,0,0,0,0,0,0,,,,,0,0,0,198.6,235.6,71.6,73.6,4.671,4.485,23,pass_first
2013,BAL,416,0.616,0.384,-0.064999998,-0.195999995,0.308,0.388,3.210000038,0,0,0,0,0,0,,,,,0,0,0,,,,,4.671,4.485,31,pass_first
2013,BUF,528,0.52,0.48,-0.150000006,-0.017000001,0.384,0.398,4.429999828,0,0,0,0,0,0,,,,,0,0,0,191.9,245,70.6,74.7,4.671,4.485,9,run_first
2013,CAR,492,0.525,0.475,0.054000001,0.029999999,0.407,0.449,4.340000153,0,0,0,0,0,0,,,,,0,0,0,201.8,238.2,71.4,73.4,4.671,4.485,5,run_first
2013,CHI,395,0.607,0.393,0.136999995,-0.001,0.395,0.491,4.659999847,0,0,0,0,0,0,,,,,0,0,0,198.2,240.9,72.1,73.2,4.671,4.485,8,pass_first
2013,CIN,486,0.579,0.421,0.057,-0.059999999,0.393,0.463,3.869999886,0,0,0,0,0,0,,,,,0,0,0,198.8,249.8,72,73.3,4.671,4.485,21,pass_first
2013,CLE,343,0.68,0.32,-0.094999999,-0.034000002,0.399,0.385,4.039999962,0,0,0,0,0,0,,,,,0,0,0,,,,,4.671,4.485,17,pass_first
2013,DAL,327,0.656,0.344,0.067000002,0.033,0.462,0.47,4.630000114,0,0,0,0,0,0,,,,,0,0,0,202.7,238,71.9,73.2,4.671,4.485,4,pass_first
2013,DEN,511,0.618,0.382,0.31400001,-0.023,0.425,0.549,4.239999771,0,0,0,0,0,0,,,,,0,0,0,198.9,242.7,71.7,73.4,4.671,4.485,13,pass_first
2013,DET,433,0.603,0.397,0.061000001,-0.101999998,0.39,0.457,4.170000076,0,0,0,0,0,0,,,,,0,0,0,195.1,234.6,71.8,73.3,4.671,4.485,26,pass_first
2013,GB,476,0.576,0.424,0.081,0.043000001,0.433,0.471,4.78000021,0,0,0,0,0,0,,,,,0,0,0,196.7,248.3,71.7,74.3,4.671,4.485,3,pass_first
2013,HOU,414,0.619,0.381,-0.140000001,-0.068000004,0.401,0.406,4.21999979,0,0,0,0,0,0,,,,,0,0,0,,,,,4.671,4.485,22,pass_first
2013,IND,429,0.623,0.377,0.048999999,0.004,0.408,0.454,4.5,0,0,0,0,0,0,,,,,0,0,0,203.2,250.4,71.7,73.6,4.671,4.485,7,pass_first
2013,JAX,376,0.631,0.369,-0.166999996,-0.172999993,0.332,0.406,3.359999895,0,0,0,0,0,0,,,,,0,0,0,203.6,234.1,71.9,73,4.671,4.485,30,pass_first
2013,KC,455,0.581,0.419,0.046,0.029999999,0.413,0.433,4.880000114,0,0,0,0,0,0,,,,,0,0,0,201.7,249.1,71.8,74.3,4.671,4.485,5,pass_first
2013,LA,414,0.567,0.433,-0.068000004,-0.109999999,0.36,0.429,4.28000021,0,0,0,0,0,0,,,,,0,0,0,,,,,4.671,4.485,27,pass_first
2013,LAC,537,0.536,0.464,0.27700001,-0.017999999,0.397,0.525,4.159999847,0,0,0,0,0,0,,,,,0,0,0,,,,,4.671,4.485,10,run_first
2013,LV,429,0.567,0.433,-0.078000002,-0.044,0.366,0.409,4.679999828,0,0,0,0,0,0,,,,,0,0,0,,,,,4.671,4.485,19,pass_first
2013,MIA,340,0.656,0.344,-0.005,-0.115999997,0.359,0.433,4.260000229,0,0,0,0,0,0,,,,,0,0,0,200.3,247.5,71.3,74.1,4.671,4.485,28,pass_first
2013,MIN,415,0.587,0.413,-0.101999998,0.050999999,0.4,0.411,5.03000021,0,0,0,0,0,0,,,,,0,0,0,198.6,241,72,74.2,4.671,4.485,2,pass_first
2013,NE,516,0.587,0.413,0.111000001,-0.026000001,0.442,0.471,4.619999886,0,0,0,0,0,0,,,,,0,0,0,200.7,249.3,71,74.2,4.671,4.485,16,pass_first
2013,NO,433,0.637,0.363,0.196999997,-0.021,0.43,0.501,4.139999866,0,0,0,0,0,0,,,,,0,0,0,199,246.1,71.8,73.3,4.671,4.485,12,pass_first
2013,NYG,373,0.619,0.381,-0.126000002,-0.203999996,0.359,0.42,3.599999905,0,0,0,0,0,0,,,,,0,0,0,198.9,234.8,71.8,73.3,4.671,4.485,32,pass_first
2013,NYJ,485,0.52,0.48,-0.148000002,-0.050000001,0.359,0.395,4.460000038,0,0,0,0,0,0,,,,,0,0,0,198,256.5,71.4,75,4.671,4.485,20,run_first
2013,PHI,503,0.541,0.459,0.137999997,0.057,0.473,0.449,5.320000172,0,0,0,0,0,0,,,,,0,0,0,198.2,251,71.3,73.7,4.671,4.485,1,run_first
2013,PIT,385,0.618,0.382,0.093999997,-0.147,0.351,0.471,3.630000114,0,0,0,0,0,0,,,,,0,0,0,199.1,243.7,71.3,73.6,4.671,4.485,29,pass_first
2013,SEA,581,0.481,0.519,0.155000001,-0.034000002,0.408,0.471,4.539999962,0,0,0,0,0,0,,,,,0,0,0,205.4,234.7,72.5,73.2,4.671,4.485,17,run_first
2013,SF,580,0.485,0.515,0.112000003,-0.025,0.403,0.432,4.610000134,0,0,0,0,0,0,,,,,0,0,0,199.6,247.6,71.3,73.6,4.671,4.485,15,run_first
2013,TB,411,0.577,0.423,-0.097999997,-0.093999997,0.336,0.394,4,0,0,0,0,0,0,,,,,0,0,0,199.2,236.8,71.9,73.3,4.671,4.485,24,pass_first
2013,TEN,452,0.556,0.444,0.057999998,-0.017999999,0.412,0.431,4.21999979,0,0,0,0,0,0,,,,,0,0,0,203.2,243.6,72.2,73.8,4.671,4.485,10,pass_first
2013,WAS,451,0.592,0.408,-0.066,-0.024,0.437,0.414,4.809999943,0,0,0,0,0,0,,,,,0,0,0,199.5,250.2,71,73.9,4.671,4.485,14,pass_first
2014,ARI,400,0.612,0.388,-0.013,-0.150000006,0.345,0.392,3.390000105,0,0,0,0,0,0,,,,,0,0,0,,,,,4.676,4.492,31,pass_first
2014,ATL,369,0.641,0.359,0.082000002,-0.119999997,0.352,0.492,4.070000172,0,0,0,0,0,0,,,,,0,0,0,200.7,237.9,70.8,73.2,4.676,4.492,24,pass_first
2014,BAL,482,0.572,0.428,0.128000006,-0.028999999,0.392,0.479,4.630000114,0,0,0,0,0,0,,,,,0,0,0,,,,,4.676,4.492,9,pass_first
2014,BUF,392,0.611,0.389,-0.033,-0.137999997,0.375,0.433,3.829999924,0,0,0,0,0,0,,,,,0,0,0,194,243.5,71.2,73.9,4.676,4.492,29,pass_first
2014,CAR,536,0.551,0.449,-0.009,-0.046999998,0.424,0.449,4.409999847,0,0,0,0,0,0,,,,,0,0,0,200.2,240.8,72.6,73.7,4.676,4.492,12,pass_first
2014,CHI,343,0.656,0.344,-0.082000002,-0.028000001,0.426,0.445,4.239999771,0,0,0,0,0,0,,,,,0,0,0,198.4,240.7,71.9,73.2,4.676,4.492,8,pass_first
2014,CIN,500,0.531,0.469,-0.050000001,-0.007,0.39,0.442,4.539999962,0,0,0,0,0,0,,,,,0,0,0,202.7,247.2,72,73.7,4.676,4.492,3,run_first
2014,CLE,472,0.53,0.47,-0.041000001,-0.126000002,0.337,0.403,3.670000076,0,0,0,0,0,0,,,,,0,0,0,,,,,4.676,4.492,25,run_first
2014,DAL,541,0.511,0.489,0.247999996,-0.023,0.42,0.512,4.789999962,0,0,0,0,0,0,,,,,0,0,0,204,240.2,71.6,74,4.676,4.492,7,run_first
2014,DEN,442,0.603,0.397,0.153999999,-0.028999999,0.41,0.487,4.28000021,0,0,0,0,0,0,,,,,0,0,0,198,240.5,71.3,73.4,4.676,4.492,9,pass_first
2014,DET,400,0.634,0.366,0.050999999,-0.108000003,0.36,0.444,3.819999933,0,0,0,0,0,0,,,,,0,0,0,200.7,238.1,72.4,73.5,4.676,4.492,22,pass_first
2014,GB,471,0.576,0.424,0.238000005,-0.044,0.403,0.508,4.670000076,0,0,0,0,0,0,,,,,0,0,0,199.1,255.3,71.9,74.7,4.676,4.492,11,pass_first
2014,HOU,533,0.488,0.512,0.004,-0.071999997,0.355,0.445,4.090000153,0,0,0,0,0,0,,,,,0,0,0,,,,,4.676,4.492,17,run_first
2014,IND,465,0.636,0.364,0.089000002,-0.131999999,0.417,0.458,4.139999866,0,0,0,0,0,0,,,,,0,0,0,202.7,249.1,71.6,73.5,4.676,4.492,28,pass_first
2014,JAX,357,0.639,0.361,-0.246000007,-0.059,0.364,0.365,4.579999924,0,0,0,0,0,0,,,,,0,0,0,200.9,232.8,72.7,73.3,4.676,4.492,15,pass_first
2014,KC,412,0.569,0.431,0.057999998,-0.01,0.396,0.445,4.670000076,0,0,0,0,0,0,,,,,0,0,0,201.9,251.3,72.1,74,4.676,4.492,5,pass_first
2014,LA,386,0.592,0.408,-0.097999997,-0.148000002,0.358,0.463,4.260000229,0,0,0,0,0,0,,,,,0,0,0,,,,,4.676,4.492,30,pass_first
2014,LAC,395,0.607,0.393,0.103,-0.130999997,0.344,0.48,3.470000029,0,0,0,0,0,0,,,,,0,0,0,,,,,4.676,4.492,27,pass_first
2014,LV,332,0.662,0.338,-0.158000007,-0.234999999,0.31,0.396,3.75,0,0,0,0,0,0,,,,,0,0,0,,,,,4.676,4.492,32,pass_first
2014,MIA,387,0.623,0.377,0.037999999,-0.050000001,0.481,0.483,4.880000114,0,0,0,0,0,0,,,,,0,0,0,201.2,248.9,71,74.6,4.676,4.492,13,pass_first
2014,MIN,403,0.583,0.417,-0.057,-0.005,0.412,0.422,4.519999981,0,0,0,0,0,0,,,,,0,0,0,200.4,242.8,71.4,74.9,4.676,4.492,2,pass_first
2014,NE,487,0.614,0.386,0.180999994,-0.008,0.441,0.49,4.130000114,0,0,0,0,0,0,,,,,0,0,0,202.5,247.9,71.4,74.3,4.676,4.492,4,pass_first
2014,NO,397,0.633,0.367,0.100000001,-0.013,0.423,0.501,4.599999905,0,0,0,0,0,0,,,,,0,0,0,204.1,242.3,72.2,72.9,4.676,4.492,6,pass_first
2014,NYG,441,0.591,0.409,0.056000002,-0.119000003,0.347,0.451,3.660000086,0,0,0,0,0,0,,,,,0,0,0,196.5,240.1,71.6,74.5,4.676,4.492,23,pass_first
2014,NYJ,501,0.521,0.479,-0.115999997,-0.055,0.413,0.388,4.559999943,0,0,0,0,0,0,,,,,0,0,0,197.6,257.9,71.5,75,4.676,4.492,14,run_first
2014,PHI,457,0.588,0.412,0.044,-0.101000004,0.403,0.452,4.389999866,0,0,0,0,0,0,,,,,0,0,0,200.9,251.7,71.9,74.4,4.676,4.492,21,pass_first
2014,PIT,424,0.62,0.38,0.195999995,-0.071000002,0.415,0.512,4.329999924,0,0,0,0,0,0,,,,,0,0,0,199.1,244.4,70.8,73.2,4.676,4.492,16,pass_first
2014,SEA,594,0.494,0.506,0.082000002,0.104999997,0.47,0.414,5.460000038,0,0,0,0,0,0,,,,,0,0,0,204.2,237.8,72.5,73.5,4.676,4.492,1,run_first
2014,SF,455,0.542,0.458,-0.006,-0.088,0.418,0.419,4.820000172,0,0,0,0,0,0,,,,,0,0,0,201.3,252.1,71.8,74,4.676,4.492,19,run_first
2014,TB,352,0.622,0.378,-0.090999998,-0.127000004,0.341,0.413,3.910000086,0,0,0,0,0,0,,,,,0,0,0,198.3,242.7,72,73,4.676,4.492,26,pass_first
2014,TEN,345,0.619,0.381,-0.136999995,-0.090000004,0.383,0.398,4.230000019,0,0,0,0,0,0,,,,,0,0,0,201.5,247.5,71.6,74.4,4.676,4.492,20,pass_first
2014,WAS,396,0.604,0.396,-0.07,-0.077,0.374,0.425,4.289999962,0,0,0,0,0,0,,,,,0,0,0,196.5,245.7,71.3,74.3,4.676,4.492,18,pass_first
2015,ARI,458,0.594,0.406,0.170000002,-0.037999999,0.413,0.498,4.46999979,0,0,0,0,0,0,,,,,0,0,0,,,,,4.682,4.495,9,pass_first
2015,ATL,407,0.617,0.383,0.093000002,-0.153999999,0.398,0.495,3.980000019,0,0,0,0,0,0,,,,,0,0,0,201.9,237.9,71.4,73.7,4.682,4.495,29,pass_first
2015,BAL,382,0.646,0.354,-0.034000002,-0.144999996,0.393,0.446,3.880000114,0,0,0,0,0,0,,,,,0,0,0,,,,,4.682,4.495,28,pass_first
2015,BUF,495,0.506,0.494,0.052000001,0.041000001,0.41,0.421,4.960000038,0,0,0,0,0,0,,,,,0,0,0,193.3,243.7,71.2,73.9,4.682,4.495,2,run_first
2015,CAR,607,0.51,0.49,0.123999998,0.012,0.428,0.461,4.489999771,0,0,0,0,0,0,,,,,0,0,0,203.2,237.2,72.3,73.8,4.682,4.495,3,run_first
2015,CHI,463,0.547,0.453,0.009,-0.054000001,0.421,0.438,4.019999981,0,0,0,0,0,0,,,,,0,0,0,198,250.1,71.7,74.4,4.682,4.495,12,run_first
2015,CIN,475,0.55,0.45,0.191,-0.112000003,0.379,0.499,4.039999962,0,0,0,0,0,0,,,,,0,0,0,199.1,245.5,71.8,73.3,4.682,4.495,22,run_first
2015,CLE,374,0.64,0.36,-0.081,-0.100000001,0.39,0.405,4.099999905,0,0,0,0,0,0,,,,,0,0,0,,,,,4.682,4.495,19,pass_first
2015,DAL,400,0.583,0.417,-0.128000006,-0.021,0.415,0.448,4.739999771,0,0,0,0,0,0,,,,,0,0,0,204.4,241.1,72.1,74,4.682,4.495,6,pass_first
2015,DEN,492,0.603,0.397,-0.081,-0.128999993,0.331,0.419,4.119999886,0,0,0,0,0,0,,,,,0,0,0,201,244.2,71,74.1,4.682,4.495,26,pass_first
2015,DET,344,0.663,0.337,0.012,-0.083999999,0.384,0.479,3.930000067,0,0,0,0,0,0,,,,,0,0,0,198.1,241.6,71.4,73.7,4.682,4.495,18,pass_first
2015,GB,476,0.597,0.403,0,-0.039000001,0.397,0.416,4.5,0,0,0,0,0,0,,,,,0,0,0,199.1,253.1,71.8,74.8,4.682,4.495,10,pass_first
2015,HOU,476,0.593,0.407,-0.048,-0.118000001,0.33,0.433,3.930000067,0,0,0,0,0,0,,,,,0,0,0,,,,,4.682,4.495,23,pass_first
2015,IND,377,0.635,0.365,-0.045000002,-0.167999998,0.353,0.424,3.869999886,0,0,0,0,0,0,,,,,0,0,0,199.9,250.3,71.4,73.6,4.682,4.495,30,pass_first
2015,JAX,348,0.655,0.345,-0.002,-0.173999995,0.382,0.432,4.25,0,0,0,0,0,0,,,,,0,0,0,203,239.9,72.4,73.6,4.682,4.495,31,pass_first
2015,KC,489,0.55,0.45,0.014,0.052000001,0.436,0.443,4.78000021,0,0,0,0,0,0,,,,,0,0,0,204,249.4,72.3,74.3,4.682,4.495,1,run_first
2015,LA,416,0.541,0.459,-0.195999995,-0.119000003,0.368,0.376,4.739999771,0,0,0,0,0,0,,,,,0,0,0,,,,,4.682,4.495,24,run_first
2015,LAC,387,0.647,0.353,0.081,-0.181999996,0.331,0.48,3.529999971,0,0,0,0,0,0,,,,,0,0,0,,,,,4.682,4.495,32,pass_first
2015,LV,358,0.641,0.359,-0.02,-0.105999999,0.344,0.43,4.099999905,0,0,0,0,0,0,,,,,0,0,0,,,,,4.682,4.495,21,pass_first
2015,MIA,335,0.654,0.346,-0.006,-0.074000001,0.364,0.42,4.5,0,0,0,0,0,0,,,,,0,0,0,200.1,248.3,71.2,74.4,4.682,4.495,15,pass_first
2015,MIN,489,0.518,0.482,-0.035999998,0.009,0.38,0.401,4.690000057,0,0,0,0,0,0,,,,,0,0,0,200.8,241.9,71.7,74.9,4.682,4.495,4,run_first
2015,NE,390,0.663,0.337,0.149000004,-0.027000001,0.397,0.456,3.880000114,0,0,0,0,0,0,,,,,0,0,0,202.4,249.4,71.4,74.1,4.682,4.495,7,pass_first
2015,NO,383,0.646,0.354,0.145999998,-0.059999999,0.384,0.469,3.940000057,0,0,0,0,0,0,,,,,0,0,0,200.5,243.1,71.7,73.3,4.682,4.495,14,pass_first
2015,NYG,396,0.621,0.379,0.085000001,-0.104999997,0.396,0.458,4.090000153,0,0,0,0,0,0,,,,,0,0,0,199.6,240.5,71.6,73.7,4.682,4.495,20,pass_first
2015,NYJ,435,0.59,0.41,0.092,-0.075000003,0.375,0.446,4.320000172,0,0,0,0,0,0,,,,,0,0,0,200.6,253.9,71.4,75.6,4.682,4.495,16,pass_first
2015,PHI,430,0.605,0.395,-0.027000001,-0.079999998,0.398,0.44,4.079999924,0,0,0,0,0,0,,,,,0,0,0,199.8,247.6,72.1,74.2,4.682,4.495,17,pass_first
2015,PIT,416,0.631,0.369,0.064999998,-0.008,0.411,0.463,4.800000191,0,0,0,0,0,0,,,,,0,0,0,198.5,243.6,70.6,73.4,4.682,4.495,5,pass_first
2015,SEA,518,0.543,0.457,0.193000004,-0.033,0.448,0.488,4.769999981,0,0,0,0,0,0,,,,,0,0,0,200.8,241.2,72.7,73.9,4.682,4.495,8,run_first
2015,SF,379,0.605,0.395,-0.112000003,-0.048999999,0.409,0.375,4.099999905,0,0,0,0,0,0,,,,,0,0,0,200.6,246.9,71.7,74.2,4.682,4.495,11,pass_first
2015,TB,444,0.559,0.441,0.064999998,-0.057,0.423,0.462,4.909999847,0,0,0,0,0,0,,,,,0,0,0,199.3,234.4,71.1,73.1,4.682,4.495,13,pass_first
2015,TEN,367,0.622,0.378,-0.112999998,-0.128000006,0.36,0.437,4.070000172,0,0,0,0,0,0,,,,,0,0,0,198.9,247.8,71.5,74.2,4.682,4.495,25,pass_first
2015,WAS,432,0.596,0.404,0.131999999,-0.143999994,0.35,0.474,3.849999905,0,0,0,0,0,0,,,,,0,0,0,198.9,247.3,71.5,74.4,4.682,4.495,27,pass_first
2016,ARI,392,0.637,0.363,0.009,-0.075000003,0.421,0.456,4.440000057,0.123,0.548,0.236,0.039,0.017,0.001,6.929999828,-0.112999998,-0.072999999,0.757000029,0.211,0.726,0.062,201,246.6,71.8,74.9,4.687,4.497,21,pass_first
2016,ATL,484,0.585,0.415,0.324000001,0.029999999,0.432,0.54,4.650000095,0.006,0.46,0.164,0.074,0.256,0.027,7.079999924,0.028000001,0.024,0.184,0.186,0.635,0.179,200.6,238.3,71.6,74.1,4.687,4.497,3,pass_first
2016,BAL,355,0.666,0.334,-0.056000002,-0.045000002,0.375,0.43,4.159999847,0.003,0.539,0.211,0.037,0.124,0.024,6.840000153,-0.135000005,0.033,1.269999981,0.333,0.615,0.05,193,249,71.3,73.6,4.687,4.497,11,pass_first
2016,BUF,488,0.516,0.484,0.039000001,0.097000003,0.484,0.429,5.409999847,0.003,0.443,0.162,0.001,0.303,0.048,7.019999981,0.029999999,0.234999999,0.224999994,0.369,0.487,0.144,197.3,247.3,72,73.5,4.687,4.497,1,run_first
2016,CAR,448,0.573,0.427,-0.048,-0.067000002,0.375,0.433,4.059999943,0,0.513,0.272,0.005,0.106,0.071,7.079999924,-0.009,-0.129999995,-0.066,0.406,0.594,0,204.4,234.3,72,73.2,4.687,4.497,20,pass_first
2016,CHI,373,0.611,0.389,-0.001,-0.096000001,0.397,0.474,4.670000076,0,0.649,0.235,0.03,0.068,0.002,6.960000038,-0.166999996,-0.021,-0.151999995,0.264,0.689,0.047,196.3,248.9,71.7,74.4,4.687,4.497,23,pass_first
2016,CIN,437,0.579,0.421,0.079999998,-0.012,0.4,0.48,4.070000172,0.002,0.693,0.195,0.036,0.035,0.022,6.730000019,-0.057,0.025,0.011,0.269,0.704,0.027,197.2,247.9,71.9,73.8,4.687,4.497,7,pass_first
2016,CLE,348,0.646,0.354,-0.057999998,-0.101999998,0.376,0.383,4.929999828,0.001,0.616,0.152,0.035,0.121,0.044,6.679999828,-0.128000006,-0.096000001,0.090999998,0.419,0.556,0.023,195.8,247,70.8,74.2,4.687,4.497,26,pass_first
2016,DAL,508,0.52,0.48,0.187999994,0.079000004,0.469,0.507,5.039999962,0,0.596,0.149,0.017,0.095,0.085,6.989999771,-0.024,0.218999997,-0.882000029,0.204,0.543,0.253,203,241.3,71.7,73.9,4.687,4.497,2,run_first
2016,DEN,397,0.606,0.394,-0.018999999,-0.145999998,0.348,0.438,3.779999971,0.092,0.504,0.113,0.006,0.209,0.004,6.78000021,-0.173999995,-0.143000007,0,0.616,0.006,0.378,199.5,241.2,71.4,73.8,4.687,4.497,30,pass_first
2016,DET,357,0.651,0.349,0.098999999,-0.097999997,0.37,0.478,3.829999924,0.031,0.748,0.099,0.004,0.051,0.012,6.639999866,-0.280999988,-0.014,0.156000003,0.259,0.555,0.186,200.6,243,71.3,74.3,4.687,4.497,25,pass_first
2016,GB,418,0.655,0.345,0.188999996,-0.014,0.409,0.473,4.75,0.037,0.5,0.073,0,0.053,0.01,6.489999771,-0.204999998,0.048999999,0.090999998,0.105,0.556,0.338,197.3,251.4,71.5,75.1,4.687,4.497,8,pass_first
2016,HOU,508,0.572,0.428,-0.119000003,-0.094999999,0.36,0.437,4.139999866,0.013,0.593,0.168,0.008,0.106,0.03,6.829999924,-0.182999998,-0.100000001,0.407999992,0.356,0.381,0.262,196.5,250.8,71.5,74.9,4.687,4.497,22,pass_first
2016,IND,391,0.616,0.384,0.082999997,-0.061000001,0.404,0.48,4.210000038,0,0.6,0.314,0.055,0.001,0.004,6.829999924,-0.141000003,-0.037999999,0.381000012,0.347,0.421,0.23,200.8,245.8,71.8,73.5,4.687,4.497,17,pass_first
2016,JAX,387,0.631,0.369,-0.07,-0.112000003,0.372,0.418,4.239999771,0.005,0.75,0.2,0.012,0.002,0.011,6.610000134,-0.26699999,-0.024,0.017000001,0.39,0.608,0.002,203.1,238.1,71.9,73.4,4.687,4.497,27,pass_first
2016,KC,406,0.602,0.398,0.057,-0.055,0.387,0.449,4.5,0.002,0.479,0.195,0.096,0.107,0.024,6.820000172,-0.022,-0.059999999,-0.335999995,0.281,0.255,0.463,198.6,245,71.9,74.1,4.687,4.497,15,pass_first
2016,LA,366,0.615,0.385,-0.268999994,-0.167999998,0.358,0.353,3.450000048,0.002,0.647,0.253,0.029,0.024,0.011,6.880000114,-0.137999997,-0.181999996,-0.712000012,0.182,0.734,0.084,199.5,233.3,71.5,74.1,4.687,4.497,31,pass_first
2016,LAC,393,0.611,0.389,0.057,-0.097000003,0.366,0.451,3.859999895,0,0.584,0.183,0.044,0.058,0.052,6.96999979,-0.157000005,0.006,-0.27700001,0.374,0.459,0.167,,,,,4.687,4.497,24,pass_first
2016,LV,436,0.604,0.396,0.054000001,-0.048,0.406,0.437,4.630000114,0.018,0.559,0.061,0,0.144,0.066,6.860000134,-0.104999997,-0.028999999,0.119999997,0.45,0.535,0.014,,,,,4.687,4.497,14,pass_first
2016,MIA,421,0.566,0.434,0.046999998,-0.064999998,0.371,0.46,4.46999979,0.006,0.751,0.149,0.03,0.018,0.02,6.78000021,-0.030999999,-0.086000003,-0.148000002,0.366,0.624,0.011,200.9,239.8,72.1,73.7,4.687,4.497,19,pass_first
2016,MIN,367,0.631,0.369,0.064999998,-0.226999998,0.33,0.474,3.339999914,0.003,0.627,0.131,0.021,0.09,0.073,7.070000172,-0.308999985,-0.152999997,0.119000003,0.275,0.717,0.008,201.8,243.2,71.9,74.9,4.687,4.497,32,pass_first
2016,NE,537,0.574,0.426,0.239999995,-0.046999998,0.384,0.486,4.019999981,0.03,0.46,0.15,0,0.204,0.048,7.119999886,-0.114,0.041000001,-0.035999998,0.108,0.638,0.253,201.6,250.2,71.4,74.4,4.687,4.497,12,pass_first
2016,NO,395,0.638,0.362,0.151999995,0.006,0.423,0.514,4.449999809,0.019,0.565,0.102,0.011,0.167,0.044,6.940000057,-0.067000002,0.074000001,0.247999996,0.164,0.669,0.163,198.4,241.7,71.5,74.1,4.687,4.497,5,pass_first
2016,NYG,398,0.626,0.374,-0.046,-0.119999997,0.347,0.438,3.769999981,0.004,0.914,0.042,0.001,0.002,0,6.199999809,-0.303000003,-0.111000001,0.013,0.31,0.526,0.164,199.3,241.5,71.8,73.9,4.687,4.497,28,pass_first
2016,NYJ,413,0.586,0.414,-0.122000001,-0.041999999,0.395,0.405,4.380000114,0.339,0.384,0.164,0.007,0.025,0.019,6.389999866,-0.063000001,-0.101000004,0.444999993,0.405,0.547,0.048,199.9,248.2,71.4,74.6,4.687,4.497,10,pass_first
2016,PHI,430,0.599,0.401,0.016000001,-0.059999999,0.449,0.435,4.260000229,0.011,0.527,0.241,0.059,0.031,0.04,6.710000038,-0.189999998,-0.003,0.508000016,0.251,0.736,0.014,195.6,237.4,71,72.9,4.687,4.497,16,pass_first
2016,PIT,478,0.601,0.399,0.128000006,0.009,0.437,0.474,4.570000172,0.002,0.64,0.134,0.047,0.044,0.058,6.800000191,-0.013,-0.01,0.545000017,0.311,0.639,0.049,197.5,243.2,71.2,73.7,4.687,4.497,4,pass_first
2016,SEA,443,0.604,0.396,0.082000002,-0.061000001,0.379,0.48,4.269999981,0.006,0.614,0.189,0.037,0.084,0.014,6.71999979,-0.109999999,-0.039999999,0.054000001,0.315,0.677,0.008,204.8,237.1,73.3,73.7,4.687,4.497,17,pass_first
2016,SF,452,0.543,0.457,-0.115000002,-0.046999998,0.407,0.387,4.489999771,0.016,0.762,0.196,0.007,0.003,0,6.480000019,-0.189999998,0,-0.317000002,0.483,0.399,0.117,198.8,250.9,71.9,74.3,4.687,4.497,12,run_first
2016,TB,438,0.586,0.414,0.097999997,-0.141000003,0.372,0.486,3.74000001,0.006,0.581,0.184,0.024,0.094,0.07,7.010000229,-0.170000002,-0.129999995,0.163000003,0.389,0.61,0.001,196.8,234.1,71.2,73.1,4.687,4.497,29,pass_first
2016,TEN,464,0.534,0.466,0.074000001,-0.024,0.442,0.453,4.739999771,0.014,0.399,0.193,0.091,0.147,0.092,7.289999962,-0.075000003,0.097000003,0.194999993,0.298,0.557,0.145,199.2,249.6,71.1,74.4,4.687,4.497,9,run_first
2016,WAS,368,0.631,0.369,0.174999997,0,0.408,0.521,4.639999866,0,0.729,0.158,0.064,0.006,0.025,6.849999905,-0.048,0.027000001,0.013,0.244,0.661,0.095,199.9,246.1,71.9,74,4.687,4.497,6,pass_first
2017,ARI,395,0.622,0.378,-0.142000005,-0.187000006,0.334,0.398,3.539999962,0.134,0.508,0.26,0.043,0.011,0.009,7.090000153,-0.216000006,-0.158999994,-0.078000002,0.266,0.658,0.077,196,242.2,71.2,74.5,4.684,4.501,31,pass_first
2017,ATL,477,0.566,0.434,0.129999995,-0.093000002,0.386,0.48,4.340000153,0.025,0.478,0.205,0.016,0.183,0.035,7.070000172,-0.138999999,-0.074000001,0.261999995,0.217,0.757,0.026,197.5,235.2,71.8,73.8,4.684,4.501,21,pass_first
2017,BAL,445,0.571,0.429,-0.082000002,-0.048999999,0.42,0.418,4.210000038,0.013,0.395,0.355,0.065,0.026,0.105,7.159999847,-0.059,-0.022,0.005,0.319,0.4,0.281,197.4,248.5,71.7,73.9,4.684,4.501,12,pass_first
2017,BUF,504,0.528,0.472,-0.094999999,-0.059,0.379,0.393,4.289999962,0,0.541,0.172,0.009,0.191,0.052,7.019999981,-0.152999997,0.030999999,0.375999987,0.345,0.655,0,197,236.1,71.4,73.3,4.684,4.501,14,run_first
2017,CAR,499,0.538,0.462,-0.007,-0.052000001,0.387,0.418,4.480000019,0.004,0.482,0.222,0.033,0.135,0.087,7.059999943,-0.057,-0.079999998,0.712000012,0.487,0.511,0.002,200.8,235.8,71.9,73.7,4.684,4.501,13,run_first
2017,CHI,418,0.551,0.449,-0.134000003,-0.081,0.373,0.393,4.300000191,0,0.431,0.224,0.048,0.217,0.049,7.179999828,-0.142000005,0.071000002,-0.158000007,0.308,0.645,0.047,200,248,71.8,74.4,4.684,4.501,18,pass_first
2017,CIN,359,0.605,0.395,-0.090000004,-0.128999993,0.354,0.403,3.859999895,0.008,0.7,0.215,0.046,0.013,0,6.690000057,-0.127000004,-0.151999995,-0.041999999,0.319,0.68,0.001,197.5,241.5,71.6,72.8,4.684,4.501,28,pass_first
2017,CLE,382,0.62,0.38,-0.263999999,-0.01,0.419,0.345,4.5,0,0.626,0.125,0.034,0.168,0.032,6.789999962,-0.114,0.068000004,0.104000002,0.671,0.328,0.001,196.8,233.9,71.1,73.2,4.684,4.501,4,pass_first
2017,DAL,473,0.527,0.473,-0.078000002,0.079999998,0.452,0.416,4.599999905,0,0.611,0.147,0.092,0.043,0.066,7.070000172,0.046,0.055,0.266000003,0.256,0.521,0.223,198,236.3,71.4,73.1,4.684,4.501,1,run_first
2017,DEN,448,0.581,0.419,-0.165999994,-0.082000002,0.366,0.39,4.159999847,0.004,0.656,0.154,0.027,0.08,0.054,6.75,-0.199000001,0.014,0.034000002,0.455,0.182,0.363,196.9,240.3,72,73.8,4.684,4.501,19,pass_first
2017,DET,355,0.636,0.364,0.035999998,-0.217999995,0.315,0.451,3.460000038,0.003,0.731,0.184,0.035,0.025,0.013,6.760000229,-0.167999998,-0.234999999,-0.331999987,0.335,0.5,0.165,197.6,238.5,71.1,73.1,4.684,4.501,32,pass_first
2017,GB,378,0.619,0.381,-0.097000003,0.050000001,0.471,0.423,4.579999924,0.018,0.642,0.111,0.007,0.074,0.035,6.679999828,-0.017999999,0.061000001,0.465000004,0.242,0.295,0.463,198.7,246.3,71.8,74.3,4.684,4.501,2,pass_first
2017,HOU,446,0.564,0.436,-0.097999997,-0.063000001,0.365,0.41,4.139999866,0.004,0.514,0.111,0.002,0.19,0.006,6.809999943,-0.160999998,-0.022,0.246000007,0.428,0.323,0.249,194.7,252,71.7,74.7,4.684,4.501,15,pass_first
2017,IND,441,0.551,0.449,-0.150999993,-0.083999999,0.361,0.394,3.789999962,0,0.651,0.287,0.038,0.003,0.004,6.940000057,-0.138999999,-0.037,0.097999997,0.445,0.448,0.107,201.4,248.2,72.3,73.8,4.684,4.501,20,pass_first
2017,JAX,609,0.514,0.486,0.059999999,-0.012,0.381,0.45,4.440000057,0.008,0.52,0.165,0.053,0.144,0.083,7.349999905,-0.027000001,-0.01,0.286000013,0.297,0.701,0.002,196.9,234.9,71.3,72.6,4.684,4.501,5,run_first
2017,KC,413,0.599,0.401,0.153999999,-0.016000001,0.392,0.476,4.800000191,0,0.534,0.251,0.061,0.066,0.044,6.690000057,-0.075000003,-0.011,0.094999999,0.298,0.251,0.451,195.1,247.1,71.8,74.4,4.684,4.501,7,pass_first
2017,LA,451,0.568,0.432,0.093000002,-0.024,0.419,0.422,4.639999866,0,0.826,0.111,0.012,0.002,0,6.739999771,-0.254000008,0.014,0.597000003,0.61,0.364,0.026,191.9,244.8,70.8,74.5,4.684,4.501,8,pass_first
2017,LAC,403,0.598,0.402,0.163000003,-0.072999999,0.38,0.478,4.010000229,0.004,0.565,0.224,0.043,0.086,0.056,7.039999962,-0.178000003,0.07,0.055,0.271,0.244,0.485,198.8,236.7,71.6,72.7,4.684,4.501,17,pass_first
2017,LV,360,0.619,0.381,-0.024,-0.093000002,0.378,0.432,4.340000153,0.003,0.722,0.129,0.056,0.003,0.025,6.840000153,-0.317000002,0.018999999,0.261999995,0.358,0.575,0.067,,,,,4.684,4.501,21,pass_first
2017,MIA,353,0.643,0.357,-0.108999997,-0.153999999,0.354,0.414,3.960000038,0.006,0.749,0.15,0.061,0.002,0.002,6.829999924,-0.144999996,-0.152999997,-0.25,0.386,0.607,0.007,200.1,243.2,72.2,73.9,4.684,4.501,30,pass_first
2017,MIN,527,0.551,0.449,0.079000004,-0.093999997,0.366,0.457,4.079999924,0.013,0.577,0.205,0.022,0.061,0.079,7.050000191,-0.059,-0.127000004,-0.147,0.221,0.777,0.003,199,238.4,72,74.5,4.684,4.501,23,pass_first
2017,NE,495,0.608,0.392,0.232999995,-0.013,0.446,0.507,4.380000114,0.013,0.464,0.158,0.025,0.257,0.054,7.110000134,-0.046999998,0.012,0.046,0.155,0.482,0.362,201.3,244.9,71.7,74.5,4.684,4.501,6,pass_first
2017,NO,469,0.573,0.427,0.171000004,0.02,0.403,0.508,4.730000019,0.028,0.491,0.155,0.031,0.135,0.091,7.130000114,0.024,-0.002,0.231999993,0.254,0.598,0.148,194.6,240.8,71.2,74,4.684,4.501,3,pass_first
2017,NYG,388,0.625,0.375,-0.118000001,-0.107000001,0.363,0.43,4.019999981,0,0.61,0.28,0.048,0.023,0.025,6.929999828,-0.116999999,-0.129999995,0.093000002,0.297,0.594,0.109,197.9,239.6,71.6,74.1,4.684,4.501,26,pass_first
2017,NYJ,413,0.573,0.427,-0.050999999,-0.104000002,0.334,0.421,4.159999847,0.041,0.604,0.129,0.004,0.109,0.054,6.920000076,-0.261999995,-0.012,0.481000006,0.399,0.533,0.068,197.1,248.1,72,74.4,4.684,4.501,24,pass_first
2017,PHI,541,0.569,0.431,0.167999998,-0.037,0.405,0.472,4.650000095,0.015,0.657,0.211,0.047,0.022,0.037,6.869999886,-0.158000007,-0.015,0.303000003,0.272,0.561,0.167,193.5,237,71.4,73.4,4.684,4.501,10,pass_first
2017,PIT,435,0.608,0.392,0.152999997,-0.066,0.4,0.494,4.090000153,0,0.702,0.115,0,0.025,0.082,6.889999866,-0.089000002,-0.045000002,-0.037,0.42,0.338,0.242,197.4,245.1,71.4,73.8,4.684,4.501,16,pass_first
2017,SEA,395,0.603,0.397,0.027000001,-0.107000001,0.354,0.444,4.170000076,0.007,0.658,0.165,0.053,0.052,0.027,6.730000019,-0.243000001,-0.064000003,0.203999996,0.291,0.684,0.025,202.7,236.9,72.8,73.7,4.684,4.501,26,pass_first
2017,SF,398,0.62,0.38,-0.039000001,-0.048,0.389,0.423,4.199999809,0.004,0.465,0.147,0.016,0.321,0.025,7.159999847,-0.071999997,0.018999999,-0.344000012,0.332,0.447,0.221,199.2,238.4,72.3,73.8,4.684,4.501,11,pass_first
2017,TB,386,0.626,0.374,0.057,-0.105999999,0.355,0.489,3.779999971,0.001,0.611,0.202,0.054,0.063,0.037,6.980000019,-0.191,-0.059999999,0.507000029,0.373,0.622,0.004,195.6,230.6,71,73.5,4.684,4.501,25,pass_first
2017,TEN,474,0.563,0.437,-0.101000004,-0.028999999,0.414,0.416,4.46999979,0.004,0.47,0.203,0.097,0.096,0.076,7.239999771,-0.071000002,-0.035,0.958000004,0.292,0.685,0.022,196.1,246.5,71.4,74.3,4.684,4.501,9,pass_first
2017,WAS,392,0.597,0.403,-0.007,-0.150999993,0.347,0.439,3.720000029,0.001,0.655,0.242,0.083,0,0.006,7.059999943,-0.187000006,-0.150999993,-0.008,0.355,0.624,0.019,201.6,247.5,71.7,74.3,4.684,4.501,29,pass_first
2018,ARI,348,0.612,0.388,-0.317999989,-0.155000001,0.33,0.356,3.890000105,0,0.709,0.167,0.022,0.062,0.03,6.869999886,-0.112000003,-0.223000005,-0.057999998,0.087,0.865,0.048,198.9,231.2,71.6,73.2,4.682,4.499,31,pass_first
2018,ATL,344,0.659,0.341,0.151999995,-0.082000002,0.384,0.503,4.590000153,0.017,0.584,0.172,0.044,0.107,0.031,6.849999905,-0.098999999,-0.104999997,0.172999993,0.2,0.753,0.047,196.6,226.8,71.5,73.5,4.682,4.499,24,pass_first
2018,BAL,552,0.529,0.471,0.008,0.006,0.447,0.444,4.630000114,0.032,0.52,0.217,0.058,0.052,0.086,6.909999847,-0.136999995,0.209999993,-0.252999991,0.174,0.533,0.293,198.4,246.2,71.7,73.7,4.682,4.499,10,run_first
2018,BUF,459,0.541,0.459,-0.239999995,-0.041000001,0.388,0.367,4.340000153,0.003,0.681,0.124,0.006,0.107,0.027,6.730000019,0.003,-0.064000003,-0.130999997,0.211,0.789,0,196.2,234.6,71.6,73.7,4.682,4.499,19,run_first
2018,CAR,403,0.596,0.404,0.041999999,0.075000003,0.481,0.476,5.340000153,0,0.722,0.122,0.016,0.068,0.047,6.829999924,-0.011,0.129999995,0.245000005,0.391,0.609,0,197.6,235.9,71.8,73.3,4.682,4.499,4,pass_first
2018,CHI,469,0.559,0.441,0.071000002,-0.034000002,0.431,0.471,4.309999943,0.001,0.611,0.171,0.017,0.137,0.015,6.5,-0.180000007,-0.043000001,0.270000011,0.196,0.751,0.053,195.9,243.7,71.7,74.6,4.682,4.499,18,pass_first
2018,CIN,353,0.622,0.378,0.01,-0.050999999,0.394,0.441,4.78000021,0.004,0.723,0.16,0.024,0.044,0.024,6.639999866,-0.151999995,-0.077,0.224999994,0.321,0.623,0.056,195.4,240.3,71.5,73.2,4.682,4.499,20,pass_first
2018,CLE,400,0.606,0.394,-0.017999999,-0.012,0.41,0.429,4.769999981,0.025,0.62,0.169,0.122,0.025,0.011,6.980000019,-0.079000004,-0.035999998,0.370999992,0.324,0.672,0.004,198.3,235.3,71,73.6,4.682,4.499,13,pass_first
2018,DAL,479,0.576,0.424,0.028999999,0.018999999,0.428,0.443,4.590000153,0.011,0.684,0.143,0.039,0.072,0.023,6.889999866,-0.034000002,0.056000002,-0.115999997,0.273,0.696,0.031,202.3,234,72.4,73.6,4.682,4.499,8,pass_first
2018,DEN,385,0.618,0.382,-0.037,0.006,0.442,0.429,4.980000019,0.009,0.626,0.113,0.009,0.137,0.049,6.880000114,-0.059,0.103,-0.135000005,0.451,0.228,0.321,201.4,243.1,72,73.8,4.682,4.499,10,pass_first
2018,DET,396,0.609,0.391,-0.017999999,-0.082000002,0.369,0.426,4.21999979,0.045,0.571,0.122,0.014,0.13,0.04,7.059999943,-0.178000003,-0.009,0.163000003,0.158,0.584,0.258,200.7,248.6,71.3,74.1,4.682,4.499,24,pass_first
2018,GB,328,0.679,0.321,0.033,0.085000001,0.494,0.436,5.110000134,0,0.76,0.167,0.038,0.013,0.001,6.46999979,-0.022,0.068000004,0.731999993,0.192,0.395,0.413,197.6,242.6,71.7,74.6,4.682,4.499,3,pass_first
2018,HOU,478,0.563,0.437,0.054000001,-0.055,0.391,0.47,4.46999979,0,0.474,0.377,0.028,0.079,0.022,6.760000229,-0.101999998,-0.064999998,0.535000026,0.307,0.528,0.165,193.7,244,71.7,74.7,4.682,4.499,21,pass_first
2018,IND,432,0.63,0.37,0.101999998,-0.011,0.458,0.493,4.710000038,0.015,0.655,0.144,0.042,0.098,0.033,6.760000229,-0.268999994,0.090999998,0.321999997,0.268,0.523,0.209,200.5,235.9,71.9,72.8,4.682,4.499,12,pass_first
2018,JAX,410,0.59,0.41,-0.145999998,-0.077,0.398,0.413,4.21999979,0.029,0.646,0.122,0.04,0.082,0.046,6.920000076,-0.216999993,0.078000002,0.046,0.197,0.8,0.003,199.8,235,72.3,73,4.682,4.499,23,pass_first
2018,KC,421,0.621,0.379,0.31099999,0.088,0.463,0.507,4.960000038,0,0.59,0.299,0,0.048,0.028,6.480000019,0.122000001,0.07,0.126000002,0.248,0.563,0.189,199.1,247.3,71.7,73.7,4.682,4.499,1,pass_first
2018,LA,531,0.573,0.427,0.155000001,0.086999997,0.497,0.497,5.039999962,0,0.907,0.08,0.006,0.001,0,6.690000057,-0.224000007,0.131999999,-0.02,0.413,0.344,0.243,192.5,242.4,70.8,74.1,4.682,4.499,2,pass_first
2018,LAC,428,0.6,0.4,0.186000004,0.021,0.423,0.491,4.670000076,0.012,0.65,0.122,0.011,0.119,0.076,6.960000038,-0.048999999,0.075000003,0.115000002,0.197,0.124,0.679,197.6,234.3,72,72.7,4.682,4.499,7,pass_first
2018,LV,376,0.616,0.384,-0.011,-0.122000001,0.412,0.475,4.360000134,0.002,0.668,0.11,0.046,0.091,0.057,6.849999905,-0.172000006,-0.127000004,0.093999997,0.265,0.689,0.046,,,,,4.682,4.499,29,pass_first
2018,MIA,360,0.584,0.416,-0.115000002,-0.093000002,0.394,0.405,4.860000134,0.008,0.741,0.122,0.032,0.047,0.001,6.409999847,-0.201000005,-0.098999999,0.197999999,0.425,0.574,0.001,199.6,237.7,72.3,73.6,4.682,4.499,26,pass_first
2018,MIN,348,0.651,0.349,-0.030999999,-0.172999993,0.336,0.483,4.320000172,0.004,0.677,0.189,0.015,0.078,0.018,6.849999905,-0.246000007,-0.116999999,-0.202999994,0.226,0.766,0.008,200,237.8,72.1,74,4.682,4.499,32,pass_first
2018,NE,567,0.559,0.441,0.148000002,0.024,0.416,0.514,4.489999771,0.012,0.535,0.06,0.004,0.282,0.067,6.989999771,-0.017999999,0.025,0.209999993,0.132,0.513,0.355,200.6,242.2,71.8,73.7,4.682,4.499,6,pass_first
2018,NO,499,0.555,0.445,0.224999994,0.007,0.431,0.531,4.5,0.004,0.468,0.117,0.019,0.207,0.075,7.070000172,-0.035999998,0.017000001,0.377000004,0.164,0.816,0.019,195.8,243.2,71.4,73.8,4.682,4.499,9,pass_first
2018,NYG,351,0.644,0.356,0.041000001,-0.02,0.356,0.426,4.71999979,0.005,0.599,0.235,0.02,0.087,0.026,6.96999979,-0.029999999,-0.001,-0.184,0.164,0.673,0.164,193.1,244.5,71.4,74.6,4.682,4.499,15,pass_first
2018,NYJ,398,0.585,0.415,-0.112999998,-0.144999996,0.319,0.407,4.099999905,0.02,0.553,0.201,0.102,0.089,0.011,6.900000095,-0.263000011,-0.085000001,0.207000002,0.223,0.74,0.036,200.8,245.7,72.3,74.4,4.682,4.499,30,pass_first
2018,PHI,429,0.623,0.377,0.088,-0.071999997,0.41,0.481,3.920000076,0,0.557,0.343,0.063,0.015,0.008,6.619999886,-0.082000002,-0.074000001,0.207000002,0.194,0.564,0.242,195,230.8,71.6,73.2,4.682,4.499,22,pass_first
2018,PIT,331,0.684,0.316,0.162,-0.022,0.426,0.495,4.420000076,0.001,0.694,0.083,0.026,0.002,0.04,6.900000095,-0.151999995,0.026000001,0.185000002,0.311,0.309,0.38,196.4,243.3,71.9,73.8,4.682,4.499,16,pass_first
2018,SEA,544,0.478,0.522,0.136000007,0.041999999,0.421,0.455,4.880000114,0.009,0.641,0.089,0,0.106,0.04,6.71999979,0.052000001,0.004,0.259000003,0.32,0.536,0.144,203.5,240.3,72.7,73.8,4.682,4.499,5,run_first
2018,SF,413,0.584,0.416,0.002,-0.114,0.39,0.467,4.639999866,0,0.389,0.101,0.006,0.428,0.058,7.110000134,-0.150999993,-0.039000001,-0.126000002,0.274,0.699,0.027,206.3,236.1,73,73.8,4.682,4.499,28,pass_first
2018,TB,380,0.638,0.362,0.119999997,-0.104999997,0.368,0.495,4.03000021,0.034,0.696,0.216,0.024,0.001,0.002,6.630000114,-0.127000004,-0.119999997,0.796999991,0.339,0.528,0.133,196.5,232.6,71.5,73.5,4.682,4.499,27,pass_first
2018,TEN,445,0.522,0.478,-0.028000001,-0.030999999,0.409,0.441,4.570000172,0.001,0.571,0.291,0.1,0.02,0.005,7.059999943,-0.114,0.041000001,0.116999999,0.251,0.736,0.013,199,242.5,71.5,74.2,4.682,4.499,17,run_first
2018,WAS,407,0.576,0.424,-0.109999999,-0.017999999,0.42,0.426,4.380000114,0,0.712,0.178,0.075,0.007,0.009,6.690000057,0.116999999,-0.071000002,-0.055,0.288,0.704,0.007,198.1,244.4,72,74.2,4.682,4.499,14,pass_first
2019,ARI,385,0.61,0.39,-0.014,0.037999999,0.431,0.426,5.210000038,0.319,0.352,0.238,0.019,0.019,0.006,6.309999943,-0.01,0.064000003,0.045000002,0.41,0.573,0.018,194.8,243,71.3,74.4,4.673,4.497,3,pass_first
2019,ATL,351,0.678,0.322,0.052000001,-0.097000003,0.373,0.472,3.910000086,0.035,0.599,0.155,0.024,0.13,0.036,7,-0.129999995,-0.108000003,0.367000014,0.281,0.701,0.018,201.1,231.6,71.9,74.2,4.673,4.497,23,pass_first
2019,BAL,604,0.467,0.533,0.236000001,0.137999997,0.482,0.474,5.809999943,0,0.479,0.17,0.052,0.101,0.146,6.849999905,0.101000004,0.165999994,0.319999993,0.12,0.46,0.42,201.8,242.1,71.7,74.2,4.673,4.497,1,run_first
2019,BUF,483,0.554,0.446,-0.029999999,-0.014,0.424,0.415,4.639999866,0.004,0.702,0.093,0.041,0.099,0.033,6.699999809,-0.173999995,0.029999999,0.275999993,0.222,0.778,0,193.3,232.3,71,73.4,4.673,4.497,10,pass_first
2019,CAR,382,0.644,0.356,-0.100000001,-0.078000002,0.401,0.444,4.78000021,0,0.675,0.181,0.017,0.058,0.056,6.840000153,-0.164000005,-0.024,0.171000004,0.328,0.66,0.012,196.7,239.1,72.1,74,4.673,4.497,20,pass_first
2019,CHI,389,0.616,0.384,-0.050999999,-0.152999997,0.352,0.437,3.75999999,0.057,0.595,0.088,0.007,0.15,0.03,6.510000229,-0.330000013,-0.104000002,0.005,0.316,0.623,0.061,196.2,245.3,71.8,73.9,4.673,4.497,29,pass_first
2019,CIN,378,0.635,0.365,-0.127000004,-0.086000003,0.384,0.404,4.050000191,0,0.757,0.169,0.014,0.03,0.011,6.449999809,-0.25999999,-0.013,-0.034000002,0.311,0.493,0.196,197.4,240.6,71.8,73.7,4.673,4.497,22,pass_first
2019,CLE,387,0.6,0.4,-0.041000001,-0.054000001,0.39,0.417,4.929999828,0.01,0.566,0.232,0.019,0.058,0.011,6.53000021,-0.052999999,-0.072999999,0.028999999,0.133,0.847,0.02,200.4,237.9,71.9,73,4.673,4.497,14,pass_first
2019,DAL,440,0.585,0.415,0.184,0.032000002,0.445,0.522,4.920000076,0.001,0.675,0.187,0.023,0.089,0.008,6.739999771,0.004,0.048999999,0.028000001,0.336,0.629,0.035,207.8,240.2,73.1,73.9,4.673,4.497,5,pass_first
2019,DEN,399,0.577,0.423,-0.068999998,-0.067000002,0.386,0.406,4.199999809,0,0.516,0.21,0.064,0.139,0.057,6.78000021,-0.107000001,-0.071000002,0.158000007,0.276,0.653,0.071,195.4,240.2,71.8,74.1,4.673,4.497,19,pass_first
2019,DET,399,0.605,0.395,0.017000001,-0.130999997,0.386,0.425,4.159999847,0.005,0.599,0.163,0.029,0.118,0.047,6.809999943,-0.104999997,-0.200000003,0.455000013,0.198,0.462,0.34,200.5,244.4,72.2,73.9,4.673,4.497,27,pass_first
2019,GB,432,0.612,0.388,0.098999999,0.004,0.438,0.441,4.619999886,0,0.61,0.206,0.03,0.127,0.011,6.880000114,-0.07,0.056000002,0.131999999,0.226,0.288,0.486,197.3,246.9,71.7,75.1,4.673,4.497,8,pass_first
2019,HOU,477,0.584,0.416,0.082000002,0.008,0.417,0.472,4.730000019,0.002,0.612,0.322,0.01,0.036,0.004,6.510000229,-0.130999997,0.023,0.395999998,0.288,0.544,0.167,197.6,248.1,72,74.9,4.673,4.497,7,pass_first
2019,IND,457,0.543,0.457,-0.050000001,0.054000001,0.453,0.43,4.699999809,0.012,0.609,0.236,0.061,0.046,0.03,6.610000134,0.032000002,0.046999998,0.372999996,0.336,0.471,0.193,199.5,230.8,72.3,73.3,4.673,4.497,2,run_first
2019,JAX,378,0.628,0.372,-0.048,-0.054000001,0.376,0.408,4.550000191,0.084,0.653,0.156,0.046,0.035,0.013,6.900000095,-0.100000001,-0.052000001,0.352999985,0.31,0.604,0.086,198.7,238.2,72,73.3,4.673,4.497,14,pass_first
2019,KC,428,0.628,0.372,0.230000004,0.029999999,0.437,0.49,4.590000153,0,0.603,0.305,0,0.04,0.037,6.5,0.01,0.027000001,0.083999999,0.282,0.378,0.34,196.2,243.1,71.6,73.5,4.673,4.497,6,pass_first
2019,LA,391,0.626,0.374,0.093000002,-0.141000003,0.414,0.464,3.869999886,0.035,0.728,0.211,0.019,0,0,6.820000172,-0.187999994,-0.103,-0.248999998,0.353,0.233,0.414,194.2,242.2,71,74.1,4.673,4.497,28,pass_first
2019,LAC,358,0.637,0.363,0.097000003,-0.097999997,0.402,0.502,4.079999924,0,0.703,0.067,0.006,0.165,0.034,6.610000134,-0.196999997,-0.127000004,0.296999991,0.299,0.512,0.189,200.5,235.3,72,73,4.673,4.497,24,pass_first
2019,LV,430,0.562,0.438,0.144999996,-0.078000002,0.398,0.492,4.420000076,0,0.527,0.159,0.096,0.072,0.115,6.820000172,-0.086000003,-0.081,0.222000003,0.195,0.749,0.056,,,,,4.673,4.497,20,pass_first
2019,MIA,340,0.665,0.335,-0.071999997,-0.165000007,0.353,0.427,3.450000048,0.001,0.58,0.238,0.027,0.097,0.018,6.610000134,-0.266000003,-0.085000001,-0.331,0.329,0.355,0.316,198.1,242.1,72.1,74.3,4.673,4.497,30,pass_first
2019,MIN,511,0.526,0.474,0.105999999,-0.050000001,0.366,0.456,4.510000229,0.003,0.235,0.344,0.091,0.214,0.096,7.079999924,-0.039000001,-0.068000004,-0.101999998,0.297,0.695,0.009,197.9,237.6,71.9,74.1,4.673,4.497,12,run_first
2019,NE,454,0.602,0.398,0.012,-0.056000002,0.416,0.419,4,0.056,0.553,0.16,0.01,0.116,0.026,6.96999979,-0.061000001,-0.075999998,0.089000002,0.184,0.423,0.394,202.5,245.3,72.1,73.9,4.673,4.497,16,pass_first
2019,NO,404,0.613,0.387,0.162,-0.030999999,0.418,0.507,4.590000153,0.002,0.454,0.077,0.003,0.274,0.067,6.940000057,0.012,-0.079000004,-0.017000001,0.187,0.627,0.186,200.9,237.3,72.4,74.1,4.673,4.497,11,pass_first
2019,NYG,357,0.647,0.353,-0.082000002,-0.052999999,0.429,0.407,4.730000019,0,0.732,0.169,0.008,0.057,0.017,6.710000038,-0.268000007,0.086000003,-0.248999998,0.197,0.626,0.178,196.6,240.7,71.4,74.5,4.673,4.497,13,pass_first
2019,NYJ,370,0.608,0.392,-0.144999996,-0.171000004,0.332,0.393,3.440000057,0.048,0.654,0.105,0.058,0.062,0.016,6.559999943,-0.224999994,-0.165000007,-0.037,0.204,0.773,0.023,201.4,243.2,72.1,74.1,4.673,4.497,31,pass_first
2019,PHI,473,0.592,0.408,0.012,-0.061999999,0.412,0.453,4.380000114,0,0.391,0.469,0.044,0.046,0.043,6.710000038,-0.082999997,-0.057999998,0.071000002,0.247,0.494,0.259,194.8,234.4,71.4,73.2,4.673,4.497,18,pass_first
2019,PIT,381,0.587,0.413,-0.136000007,-0.230000004,0.336,0.395,3.839999914,0.002,0.649,0.1,0,0.061,0.107,6.829999924,-0.248999998,-0.173999995,-0.56400001,0.318,0.508,0.174,196.7,238.4,72.2,73.5,4.673,4.497,32,pass_first
2019,SEA,514,0.551,0.449,0.120999999,-0.057999998,0.416,0.487,4.650000095,0.024,0.635,0.115,0,0.114,0.036,6.730000019,-0.151999995,-0.043000001,0.460999995,0.707,0.25,0.043,203.5,236.2,72.7,72.9,4.673,4.497,17,pass_first
2019,SF,584,0.498,0.502,0.144999996,0.002,0.408,0.496,5.039999962,0,0.408,0.185,0.01,0.29,0.1,7.099999905,-0.037,0.028000001,0.345999986,0.278,0.707,0.015,199.5,230.8,72.2,73.8,4.673,4.497,9,run_first
2019,TB,394,0.632,0.368,0.050999999,-0.101999998,0.358,0.479,3.910000086,0.018,0.607,0.203,0.016,0.073,0.035,6.889999866,-0.163000003,-0.086000003,0.231999993,0.324,0.658,0.018,200,248.9,71.5,74.6,4.673,4.497,25,pass_first
2019,TEN,526,0.519,0.481,0.104000002,0.035,0.437,0.468,5.21999979,0,0.501,0.288,0.083,0.057,0.046,7.090000153,0.028000001,0.013,0.409999996,0.195,0.53,0.275,198.8,240.9,71.7,74.2,4.673,4.497,4,run_first
2019,WAS,352,0.601,0.399,-0.165999994,-0.105999999,0.338,0.416,4.510000229,0.033,0.687,0.103,0.006,0.058,0.043,6.909999847,-0.061000001,-0.169,-0.014,0.354,0.585,0.061,196.8,245.1,72.5,74.5,4.673,4.497,26,pass_first
2020,ARI,470,0.56,0.44,0.012,0.071999997,0.43,0.473,4.800000191,0.199,0.439,0.257,0.01,0.036,0.04,6.300000191,-0.022,0.055,0.423999995,0.451,0.543,0.007,193,241.1,71.3,74.5,4.668,4.499,5,pass_first
2020,ATL,398,0.628,0.372,0.089000002,-0.093999997,0.377,0.465,3.880000114,0.007,0.604,0.14,0.026,0.123,0.051,6.800000191,-0.194000006,-0.115999997,0.505999982,0.251,0.748,0.001,198.9,230.5,72,73.9,4.668,4.499,27,pass_first
2020,BAL,608,0.454,0.546,0.043000001,0.145999998,0.461,0.444,5.710000038,0.001,0.472,0.078,0,0.125,0.145,6.840000153,0.027000001,0.261000007,0.36500001,0.237,0.602,0.161,197.2,246.2,71.5,74.8,4.668,4.499,1,run_first
2020,BUF,434,0.634,0.366,0.223000005,0.005,0.438,0.53,4.630000114,0.163,0.725,0.072,0.006,0.003,0.004,6.480000019,-0.024,-0.086999997,0.340000004,0.091,0.891,0.019,193.7,235.9,71.3,73.4,4.668,4.499,12,pass_first
2020,CAR,396,0.597,0.403,0.013,-0.01,0.434,0.461,4.329999924,0.019,0.557,0.176,0.036,0.079,0.044,6.889999866,-0.035,-0.02,0.247999996,0.103,0.519,0.378,200.9,231.6,72.3,73.2,4.668,4.499,15,pass_first
2020,CHI,403,0.628,0.372,-0.035999998,-0.037,0.38,0.459,4.239999771,0.001,0.568,0.188,0.055,0.012,0.005,6.610000134,-0.017000001,-0.097999997,0.238999993,0.335,0.534,0.131,196.6,245.4,71.5,74.1,4.668,4.499,21,pass_first
2020,CIN,404,0.608,0.392,-0.007,-0.114,0.401,0.458,4.150000095,0.044,0.757,0.146,0.011,0.007,0.007,6.559999943,-0.045000002,-0.107000001,-0.375,0.243,0.627,0.13,196.5,236.7,71.5,74,4.668,4.499,31,pass_first
2020,CLE,531,0.528,0.472,0.153999999,0.029999999,0.424,0.496,4.960000038,0,0.432,0.268,0.142,0.074,0.066,7.050000191,-0.02,0.098999999,0.093999997,0.255,0.705,0.04,201,235.3,72.4,73.4,4.668,4.499,10,run_first
2020,DAL,429,0.614,0.386,-0.039999999,-0.035999998,0.424,0.478,4.190000057,0.02,0.718,0.212,0.011,0.01,0.005,6.760000229,-0.158000007,0.037999999,0.202999994,0.21,0.703,0.087,199.5,241,72.9,74,4.668,4.499,19,pass_first
2020,DEN,430,0.579,0.421,-0.127000004,-0.071999997,0.379,0.394,4.5,0,0.68,0.225,0.041,0.029,0.016,6.760000229,-0.282000005,-0.044,0.307999998,0.257,0.655,0.088,195.2,243.7,71.7,74.2,4.668,4.499,26,pass_first
2020,DET,362,0.631,0.369,0.050000001,-0.097999997,0.401,0.468,4.159999847,0.009,0.669,0.151,0.027,0.073,0.039,6.880000114,-0.120999999,-0.114,0.245000005,0.2,0.608,0.192,200.1,246.7,72.7,74.4,4.668,4.499,28,pass_first
2020,GB,473,0.573,0.427,0.301999986,0.097999997,0.476,0.538,5.070000172,0,0.556,0.256,0.023,0.142,0.014,6.75,-0.077,0.164000005,0.382999986,0.224,0.296,0.479,195.7,246.2,71.9,74.8,4.668,4.499,2,pass_first
2020,HOU,334,0.642,0.358,0.188999996,-0.063000001,0.407,0.515,4.420000076,0.021,0.628,0.284,0.004,0.029,0.017,6.630000114,-0.063000001,-0.077,0.016000001,0.375,0.419,0.206,195.9,247,71.4,74.8,4.668,4.499,24,pass_first
2020,IND,469,0.569,0.431,0.160999998,-0.01,0.431,0.485,4.650000095,0.005,0.698,0.199,0.065,0.015,0.008,6.820000172,-0.066,0.013,0.107000001,0.212,0.785,0.004,200.4,230.5,71.9,73.2,4.668,4.499,15,pass_first
2020,JAX,336,0.664,0.336,-0.07,-0.035999998,0.378,0.433,4.539999962,0.019,0.725,0.105,0.059,0.049,0.017,6.659999847,-0.180000007,0.007,0.578000009,0.402,0.566,0.033,194.8,241.3,72,73.4,4.668,4.499,19,pass_first
2020,KC,446,0.638,0.362,0.257999986,0.048,0.457,0.53,4.860000134,0.001,0.748,0.175,0.028,0.024,0.019,6.409999847,-0.030999999,0.027000001,0.456999987,0.234,0.404,0.362,194.5,233.7,71.6,73.5,4.668,4.499,6,pass_first
2020,LA,516,0.566,0.434,0.015,-0.055,0.419,0.473,4.449999809,0,0.655,0.306,0.037,0,0,7.03000021,-0.215000004,0.050999999,0.050000001,0.17,0.589,0.241,194.8,242.8,71.4,74.8,4.668,4.499,22,pass_first
2020,LAC,457,0.591,0.409,0.122000001,-0.109999999,0.379,0.47,3.920000076,0.001,0.701,0.114,0.025,0.098,0.039,6.570000172,-0.173999995,-0.115000002,0.26699999,0.217,0.66,0.123,202.2,233.3,72.1,73.7,4.668,4.499,30,pass_first
2020,LV,449,0.562,0.438,0.085000001,-0.006,0.434,0.489,4.289999962,0,0.499,0.187,0.09,0.079,0.123,6.849999905,-0.054000001,0.003,0.216000006,0.228,0.722,0.05,199.6,235.5,71.5,74.1,4.668,4.499,13,pass_first
2020,MIA,415,0.589,0.411,0.052000001,-0.057,0.414,0.492,4.110000134,0,0.29,0.211,0.031,0.289,0.079,6.570000172,-0.082000002,-0.068999998,0.137999997,0.281,0.478,0.241,199.6,239.1,71.9,73.8,4.668,4.499,23,pass_first
2020,MIN,465,0.546,0.454,0.148000002,0.030999999,0.469,0.512,4.940000057,0,0.28,0.221,0.027,0.262,0.09,7.019999981,-0.002,0.098999999,0.101999998,0.358,0.631,0.011,198,236,72.3,74,4.668,4.499,9,run_first
2020,NE,492,0.492,0.508,-0.088,0.075999998,0.472,0.45,4.789999962,0.009,0.537,0.014,0,0.375,0.002,6.96999979,0.059,0.071000002,0.358999997,0.058,0.473,0.469,201.3,248.9,71.7,74.4,4.668,4.499,4,run_first
2020,NO,535,0.539,0.461,0.086000003,0.039999999,0.464,0.482,4.699999809,0.005,0.439,0.097,0.02,0.214,0.103,6.960000038,0.017000001,0.037999999,0.448000014,0.114,0.595,0.291,196.9,235.2,71.7,74.2,4.668,4.499,7,run_first
2020,NYG,381,0.599,0.401,-0.079000004,-0.022,0.415,0.417,4.690000057,0,0.546,0.271,0.103,0.019,0.046,6.960000038,-0.035,-0.025,0.330000013,0.194,0.549,0.257,196.2,243.2,71.9,74.9,4.668,4.499,18,pass_first
2020,NYJ,399,0.576,0.424,-0.173999995,-0.101999998,0.416,0.392,4.239999771,0.028,0.709,0.167,0.037,0.009,0.001,6.650000095,-0.150999993,-0.109999999,0.210999995,0.161,0.829,0.01,199.7,243.4,72.1,74.1,4.668,4.499,29,pass_first
2020,PHI,407,0.621,0.379,-0.136999995,-0.009,0.45,0.379,5,0.015,0.561,0.331,0.011,0.055,0.018,6.409999847,-0.134000003,-0.028000001,0.400999993,0.31,0.544,0.147,193.5,233.4,71,73.1,4.668,4.499,14,pass_first
2020,PIT,368,0.67,0.33,0.079000004,-0.130999997,0.391,0.464,3.880000114,0,0.76,0.079,0,0.012,0.066,6.789999962,-0.165000007,-0.123999998,0.052999999,0.365,0.419,0.217,198.4,239.7,72,73.8,4.668,4.499,32,pass_first
2020,SEA,419,0.606,0.394,0.086999997,0.037999999,0.461,0.483,5.070000172,0.017,0.657,0.296,0.014,0.009,0.003,6.420000076,0.096000001,0.037,-0.127000004,0.389,0.535,0.076,200.9,239,72.4,73.3,4.668,4.499,8,pass_first
2020,SF,428,0.588,0.412,0.059,-0.064999998,0.439,0.474,4.429999828,0,0.448,0.122,0,0.333,0.085,6.909999847,-0.046,-0.068999998,-0.31400001,0.275,0.704,0.02,198.7,231.6,72.4,74.1,4.668,4.499,25,pass_first
2020,TB,457,0.634,0.366,0.203999996,-0.013,0.418,0.49,4.440000057,0.045,0.573,0.193,0.042,0.066,0.035,6.829999924,-0.003,-0.014,-0.057999998,0.328,0.654,0.018,198.8,245.4,71.6,74.4,4.668,4.499,17,pass_first
2020,TEN,533,0.503,0.497,0.217999995,0.097000003,0.478,0.511,5.179999828,0.002,0.391,0.337,0.085,0.102,0.047,7.150000095,0.098999999,0.097000003,0.039000001,0.23,0.523,0.247,197.7,238.2,71.4,73.5,4.668,4.499,3,run_first
2020,WAS,410,0.631,0.369,-0.108999997,0.018999999,0.422,0.404,4.199999809,0,0.669,0.153,0.032,0.121,0.017,6.710000038,-0.175999999,0.039999999,0.723999977,0.331,0.646,0.023,198.1,235.3,71.7,73.2,4.668,4.499,11,pass_first
2021,ARI,497,0.574,0.426,0.081,0.012,0.433,0.484,4.340000153,0.131,0.564,0.203,0.027,0.022,0.022,6.349999905,-0.108000003,0.032000002,0.201000005,0.409,0.582,0.008,193.5,245.6,71.3,74.5,4.667,4.498,11,pass_first
2021,ATL,384,0.615,0.385,-0.064999998,-0.149000004,0.328,0.451,3.809999943,0,0.312,0.243,0.063,0.219,0.134,7.099999905,-0.181999996,-0.105999999,-0.458999991,0.257,0.742,0.002,202.9,243.9,72.2,74.4,4.667,4.498,31,pass_first
2021,BAL,509,0.568,0.432,-0.01,0.025,0.472,0.458,4.889999866,0,0.422,0.083,0.021,0.212,0.131,6.789999962,0.014,-0.024,0.386000007,0.26,0.544,0.196,197.4,246.4,71.7,74.6,4.667,4.498,10,pass_first
2021,BUF,489,0.606,0.394,0.152999997,0.129999995,0.472,0.497,5.150000095,0.068,0.693,0.059,0,0.122,0.009,6.550000191,-0.002,0.088,0.675000012,0.065,0.912,0.023,191.2,237,71.4,73.3,4.667,4.498,1,pass_first
2021,CAR,446,0.594,0.406,-0.210999995,-0.029999999,0.435,0.392,4.159999847,0,0.659,0.178,0.012,0.087,0.047,6.949999809,-0.119000003,-0.004,1.054999948,0.223,0.621,0.156,198.2,233.5,72.6,73.6,4.667,4.498,17,pass_first
2021,CHI,466,0.563,0.437,-0.153999999,-0.030999999,0.406,0.418,4.360000134,0.006,0.641,0.22,0.062,0.022,0.019,6.670000076,-0.105999999,-0.004,0.209999993,0.29,0.552,0.158,196.6,245.1,71.4,74.7,4.667,4.498,18,pass_first
2021,CIN,514,0.6,0.4,0.108000003,-0.048,0.389,0.465,4.079999924,0.012,0.778,0.118,0.016,0,0.068,6.71999979,-0.184,-0.017000001,0.405999988,0.2,0.642,0.158,196.1,235.3,71.4,73.9,4.667,4.498,21,pass_first
2021,CLE,474,0.546,0.454,-0.045000002,0.082999997,0.441,0.438,5.239999771,0.001,0.435,0.203,0.175,0.12,0.041,6.960000038,0.004,0.160999998,0.300999999,0.268,0.618,0.114,195.8,227,72.7,73.4,4.667,4.498,4,run_first
2021,DAL,479,0.605,0.395,0.153999999,-0.027000001,0.426,0.492,4.650000095,0.002,0.643,0.214,0.006,0.052,0.035,6.760000229,-0.118000001,-0.004,0.326999992,0.017,0.794,0.189,200.9,238.5,73.2,74.4,4.667,4.498,15,pass_first
2021,DEN,449,0.565,0.435,0.066,-0.052000001,0.439,0.453,4.519999981,0,0.613,0.271,0.094,0.012,0,6.880000114,-0.138999999,-0.028999999,0.395999998,0.241,0.581,0.178,195,246,71.7,74.6,4.667,4.498,22,pass_first
2021,DET,426,0.597,0.403,-0.046,-0.089000002,0.378,0.449,4.429999828,0.031,0.581,0.113,0.007,0.121,0.064,6.900000095,-0.093000002,-0.122000001,0.282999992,0.287,0.6,0.112,197.7,244,72.3,74.2,4.667,4.498,27,pass_first
2021,GB,447,0.595,0.405,0.170000002,0.048999999,0.477,0.482,4.449999809,0.052,0.608,0.302,0.01,0.024,0,6.75,0.061999999,0.032000002,0.340999991,0.212,0.552,0.237,198.3,247.9,72.2,75,4.667,4.498,7,pass_first
2021,HOU,418,0.584,0.416,-0.125,-0.156000003,0.304,0.423,3.420000076,0.003,0.597,0.261,0.059,0.044,0.016,6.829999924,-0.166999996,-0.169,0.101000004,0.328,0.672,0,199,234.6,71.1,73.4,4.667,4.498,32,pass_first
2021,IND,487,0.534,0.466,0.007,0.101999998,0.446,0.44,5.239999771,0.009,0.634,0.207,0.045,0.076,0.027,6.829999924,0.082999997,0.111000001,0.149000004,0.213,0.782,0.006,200.1,231.1,71.9,73.5,4.667,4.498,2,run_first
2021,JAX,386,0.623,0.377,-0.107000001,-0.057,0.446,0.436,4.570000172,0.018,0.68,0.231,0.022,0.004,0,6.630000114,-0.162,-0.005,0.041000001,0.352,0.522,0.126,196.5,247,71.4,74.7,4.667,4.498,23,pass_first
2021,KC,485,0.633,0.367,0.199000001,0.07,0.501,0.524,4.960000038,0.003,0.678,0.196,0.053,0.042,0.014,6.320000172,0.054000001,0.067000002,0.142000005,0.271,0.453,0.276,196.9,233.2,71.6,73.3,4.667,4.498,5,pass_first
2021,LA,519,0.604,0.396,0.191,-0.142000005,0.383,0.504,3.920000076,0.016,0.853,0.089,0.002,0.005,0.024,6.71999979,-0.326999992,-0.074000001,-0.533999979,0.203,0.558,0.239,196.1,243.1,71.3,75.2,4.667,4.498,30,pass_first
2021,LAC,411,0.634,0.366,0.145999998,0.006,0.445,0.494,4.5,0.001,0.612,0.249,0.034,0.059,0.02,6.889999866,-0.090000004,0.022,0.739000022,0.255,0.631,0.114,198.8,238.4,71.9,74.2,4.667,4.498,13,pass_first
2021,LV,418,0.634,0.366,0.029999999,-0.093000002,0.423,0.46,4.139999866,0.001,0.613,0.18,0.04,0.092,0.049,6.789999962,-0.223000005,-0.048999999,0.158000007,0.209,0.591,0.2,199.3,231.1,72,73.7,4.667,4.498,28,pass_first
2021,MIA,429,0.605,0.395,-0.012,-0.129999995,0.343,0.459,3.680000067,0.001,0.267,0.624,0.048,0.014,0.009,6.659999847,-0.294999987,-0.089000002,-0.072999999,0.353,0.332,0.315,196.1,240.6,71.8,74.2,4.667,4.498,29,pass_first
2021,MIN,444,0.587,0.413,0.081,-0.074000001,0.374,0.443,4.389999866,0.017,0.424,0.134,0.007,0.204,0.07,6.96999979,-0.057999998,-0.123000003,0.107000001,0.341,0.633,0.026,197.9,234.6,71.9,74.2,4.667,4.498,24,pass_first
2021,NE,493,0.551,0.449,0.098999999,0.030999999,0.469,0.487,4.599999905,0.004,0.544,0.134,0,0.21,0.03,7.139999866,-0.023,0.071999997,0.38499999,0.122,0.666,0.213,199.4,247.8,71.9,74.3,4.667,4.498,9,pass_first
2021,NO,497,0.522,0.478,-0.07,-0.078000002,0.394,0.416,4.039999962,0.016,0.355,0.122,0.03,0.192,0.094,6.929999828,-0.119999997,-0.093999997,0.446999997,0.15,0.6,0.25,196.1,234.1,72.1,74.3,4.667,4.498,25,run_first
2021,NYG,413,0.604,0.396,-0.211999997,-0.085000001,0.404,0.385,4.119999886,0,0.579,0.251,0.026,0.036,0.05,6.670000076,-0.188999996,-0.044,0.050999999,0.231,0.538,0.231,197.2,242.2,71.7,75.1,4.667,4.498,26,pass_first
2021,NYJ,376,0.637,0.363,-0.128000006,-0.028999999,0.42,0.414,4.46999979,0.082,0.598,0.198,0.006,0.068,0.005,6.909999847,-0.059,-0.02,0.134000003,0.218,0.728,0.053,197.9,234.7,71.8,73.4,4.667,4.498,16,pass_first
2021,PHI,557,0.507,0.493,0.035,0.086999997,0.503,0.428,5.070000172,0.001,0.647,0.245,0.076,0.018,0.003,6.670000076,-0.170000002,0.162,0.307000011,0.242,0.712,0.046,192.6,237.1,71.2,73.3,4.667,4.498,3,run_first
2021,PIT,416,0.643,0.357,-0.101000004,-0.032000002,0.387,0.395,3.970000029,0.004,0.748,0.175,0.013,0.023,0.019,6.610000134,0.059,-0.085000001,0.432999998,0.36,0.465,0.175,197.2,239,72.6,73.8,4.667,4.498,19,pass_first
2021,SEA,405,0.572,0.428,0.008,0.061999999,0.435,0.43,5.139999866,0,0.649,0.288,0.036,0.014,0.004,6.570000172,0.144999996,-0.004,0.225999996,0.39,0.527,0.083,195.9,248.2,71.8,73.7,4.667,4.498,6,pass_first
2021,SF,573,0.521,0.479,0.143000007,-0.033,0.417,0.477,4.380000114,0,0.482,0.095,0.003,0.341,0.069,7.059999943,-0.082000002,0.082999997,-0.202000007,0.217,0.706,0.077,197.9,224.9,71.8,73.6,4.667,4.498,20,run_first
2021,TB,412,0.674,0.326,0.152999997,0.039000001,0.473,0.492,4.480000019,0.017,0.656,0.198,0.032,0.05,0.021,6.75,-0.041000001,0.068000004,0.061000001,0.285,0.694,0.021,196.5,245.2,71.9,73.9,4.667,4.498,8,pass_first
2021,TEN,565,0.518,0.482,0.017000001,0.009,0.407,0.481,4.53000021,0.003,0.567,0.232,0.079,0.068,0.029,7.190000057,-0.041999999,0.043000001,0.577000022,0.22,0.515,0.265,198.6,240.1,71.4,73.5,4.667,4.498,12,run_first
2021,WAS,472,0.557,0.443,-0.082000002,-0.025,0.453,0.428,4.389999866,0.001,0.745,0.181,0.006,0.046,0.015,6.639999866,-0.090999998,-0.027000001,0.30399999,0.164,0.672,0.164,198.1,236.6,71.7,73.6,4.667,4.498,14,pass_first
2022,ARI,429,0.624,0.376,-0.131999999,-0.015,0.429,0.393,4.389999866,0.05,0.643,0.241,0.019,0.018,0.011,6.329999924,-0.282999992,0.015,0.561999977,0.747,0.253,0,194.7,240.3,71.5,74.7,4.655,4.489,17,pass_first
2022,ATL,550,0.45,0.55,-0.028999999,0.032000002,0.464,0.444,4.960000038,0,0.338,0.243,0.06,0.215,0.112,7.150000095,0,0.061000001,0.592999995,0.412,0.586,0.002,196,241.3,72.1,75.3,4.655,4.489,10,run_first
2022,BAL,543,0.505,0.495,-0.052000001,0.050000001,0.479,0.425,5.340000153,0,0.117,0.225,0.034,0.241,0.34,7.050000191,0.018999999,0.118000001,-0.050999999,0.205,0.622,0.173,198.1,244.3,72,74.7,4.655,4.489,7,run_first
2022,BUF,455,0.605,0.395,0.101000004,0.082999997,0.49,0.48,5.349999905,0.01,0.709,0.042,0.001,0.162,0.041,6.579999924,-0.063000001,0.107000001,0.418000013,0.033,0.951,0.016,196.2,236.1,71.9,73.4,4.655,4.489,4,pass_first
2022,CAR,480,0.506,0.494,-0.097000003,0.028999999,0.433,0.381,4.619999886,0.002,0.65,0.181,0.043,0.057,0.048,6.849999905,-0.037999999,0.068000004,0.239999995,0.299,0.699,0.002,198.6,235.2,72.6,74.1,4.655,4.489,11,run_first
2022,CHI,546,0.446,0.554,-0.231999993,0.104000002,0.441,0.36,5.539999962,0.001,0.595,0.173,0.041,0.158,0.023,6.75,0.048999999,0.127000004,0.510999978,0.331,0.648,0.021,197.8,232.5,72.1,74.2,4.655,4.489,2,run_first
2022,CIN,442,0.637,0.363,0.120999999,0.012,0.452,0.492,4.179999828,0.013,0.847,0.063,0.002,0.003,0.062,6.610000134,-0.103,0.001,0.65200001,0.213,0.628,0.159,197.5,234.5,72,73.9,4.655,4.489,12,pass_first
2022,CLE,519,0.528,0.472,-0.037,0.067000002,0.449,0.433,4.820000172,0.001,0.577,0.155,0.059,0.103,0.076,6.96999979,0.027000001,0.061999999,0.593999982,0.343,0.524,0.133,197.1,234.8,72.9,73.9,4.655,4.489,6,run_first
2022,DAL,573,0.533,0.467,0.059,-0.01,0.421,0.475,4.389999866,0.002,0.61,0.225,0.072,0.045,0.015,6.940000057,-0.068999998,0.027000001,0.217999995,0.038,0.741,0.221,203.4,244,73.4,74.6,4.655,4.489,14,run_first
2022,DEN,436,0.593,0.407,-0.136000007,-0.068999998,0.399,0.369,4.460000038,0,0.575,0.311,0.079,0.031,0,6.699999809,-0.112999998,-0.107000001,0.828000009,0.324,0.578,0.098,194.3,243.6,71.3,75,4.655,4.489,27,pass_first
2022,DET,469,0.566,0.434,0.160999998,-0.045000002,0.418,0.485,4.690000057,0.019,0.636,0.115,0.031,0.089,0.066,6.889999866,-0.125,0.006,-0.418000013,0.208,0.758,0.034,196.8,241.6,72.5,74.2,4.655,4.489,24,pass_first
2022,GB,441,0.574,0.426,-0.025,0.041000001,0.476,0.444,4.829999924,0.006,0.573,0.302,0.013,0.096,0,6.679999828,-0.123000003,0.120999999,0.07,0.29,0.667,0.043,200.5,245,71.9,75.3,4.655,4.489,8,pass_first
2022,HOU,391,0.613,0.387,-0.191,-0.186000004,0.373,0.366,3.799999952,0.01,0.527,0.202,0.073,0.117,0.049,6.869999886,-0.210999995,-0.194000006,0.208000004,0.334,0.666,0,196.5,233.6,71.2,73.4,4.655,4.489,31,pass_first
2022,IND,433,0.606,0.394,-0.180999994,-0.149000004,0.381,0.409,4.329999924,0.001,0.775,0.146,0.012,0.051,0.015,6.519999981,-0.349000007,-0.092,-0.032000002,0.172,0.822,0.006,200.7,230.2,71.6,73.2,4.655,4.489,30,pass_first
2022,JAX,479,0.599,0.401,0.085000001,-0.017999999,0.436,0.491,5,0.005,0.677,0.212,0.071,0.015,0.008,6.730000019,-0.100000001,0.041999999,-0.486999989,0.331,0.667,0.002,201.8,243.8,71.5,75.4,4.655,4.489,18,pass_first
2022,KC,477,0.624,0.376,0.254999995,0.074000001,0.459,0.53,4.900000095,0,0.562,0.287,0.103,0.022,0.013,6.559999943,-0.086999997,0.109999999,0.818000019,0.219,0.544,0.237,198.9,241.6,72,74.1,4.655,4.489,5,pass_first
2022,LA,399,0.596,0.404,-0.125,-0.035,0.378,0.432,4.199999809,0.007,0.917,0.064,0,0.002,0.003,6.619999886,0.028999999,-0.045000002,-0.072999999,0.25,0.613,0.137,194.8,237.3,71.5,74.3,4.655,4.489,21,pass_first
2022,LAC,409,0.661,0.339,0.023,-0.014,0.408,0.454,3.940000057,0.002,0.685,0.189,0.031,0.061,0.018,6.71999979,0.033,-0.055,0.574999988,0.287,0.632,0.081,196.3,244.2,71.8,74.3,4.655,4.489,16,pass_first
2022,LV,424,0.595,0.405,0.009,-0.013,0.448,0.42,4.869999886,0,0.636,0.05,0.001,0.219,0.03,6.739999771,-0.017000001,-0.045000002,0.272000015,0.172,0.615,0.213,193.6,232.2,71.5,72.5,4.655,4.489,15,pass_first
2022,MIA,395,0.629,0.371,0.061000001,-0.021,0.41,0.452,4.389999866,0.022,0.467,0.101,0,0.341,0.019,6.699999809,-0.098999999,0.001,0.225999996,0.445,0.401,0.155,196,244.6,72,74.4,4.655,4.489,19,pass_first
2022,MIN,410,0.65,0.35,0.050000001,-0.098999999,0.39,0.487,4.230000019,0,0.733,0.123,0.001,0.086,0.047,6.75,-0.145999998,-0.071999997,-0.194999993,0.176,0.809,0.015,197,243.8,72.4,74.6,4.655,4.489,28,pass_first
2022,NE,403,0.591,0.409,-0.063000001,-0.041000001,0.412,0.407,4.599999905,0.002,0.723,0.158,0,0.062,0.032,6.679999828,-0.003,-0.059999999,-0.061000001,0.09,0.612,0.298,198.4,249.6,71.7,74.2,4.655,4.489,22,pass_first
2022,NO,455,0.547,0.453,0.014,-0.101000004,0.42,0.487,4.380000114,0,0.485,0.211,0.068,0.081,0.058,6.940000057,-0.140000001,-0.041999999,-0.028999999,0.254,0.564,0.181,197.6,234.1,72.2,74,4.655,4.489,29,run_first
2022,NYG,554,0.536,0.464,-0.01,0.092,0.453,0.448,5.050000191,0.003,0.654,0.175,0.041,0.073,0.026,6.75,-0.045000002,0.148000002,-0.014,0.294,0.421,0.285,194.6,248,71.9,75.4,4.655,4.489,3,run_first
2022,NYJ,394,0.629,0.371,-0.114,-0.041999999,0.378,0.396,4.300000191,0,0.689,0.227,0.016,0.037,0.018,6.659999847,-0.037,-0.059999999,0.209000006,0.29,0.66,0.05,194,226.2,71.4,73.4,4.655,4.489,23,pass_first
2022,PHI,643,0.511,0.489,0.093000002,0.149000004,0.527,0.443,4.78000021,0.003,0.716,0.216,0.053,0.007,0.003,6.769999981,0.151999995,0.157000005,0.01,0.216,0.745,0.039,193.3,234,71.5,73.3,4.655,4.489,1,run_first
2022,PIT,491,0.554,0.446,-0.007,0.035,0.47,0.434,4.25,0,0.682,0.213,0.015,0.057,0.022,6.909999847,0.028999999,0.035999998,0.090999998,0.325,0.49,0.185,195.9,238.9,72.2,73.7,4.655,4.489,9,pass_first
2022,SEA,438,0.601,0.399,0,0.002,0.393,0.478,4.929999828,0,0.541,0.29,0.102,0.039,0.018,6.659999847,-0.092,0.104999997,-0.012,0.286,0.547,0.166,203.8,244.9,72.4,74.2,4.655,4.489,13,pass_first
2022,SF,575,0.522,0.478,0.175999999,-0.030999999,0.428,0.486,4.789999962,0,0.431,0.147,0.006,0.344,0.062,7.199999809,-0.009,-0.115000002,0.456999987,0.293,0.703,0.004,197,228.2,71.9,73.9,4.655,4.489,20,run_first
2022,TB,382,0.689,0.311,0.034000002,-0.200000003,0.372,0.466,3.589999914,0.021,0.726,0.167,0.029,0.011,0.013,6.78000021,-0.245000005,-0.184,0.128000006,0.407,0.584,0.01,198,243.2,72,74.4,4.655,4.489,32,pass_first
2022,TEN,474,0.516,0.484,-0.061999999,-0.057,0.401,0.42,4.519999981,0.002,0.535,0.247,0.113,0.049,0.031,7,-0.082000002,-0.044,0.141000003,0.137,0.616,0.246,198,243.4,71.4,73.7,4.655,4.489,26,run_first
2022,WAS,528,0.535,0.465,-0.098999999,-0.054000001,0.398,0.409,4.079999924,0.002,0.702,0.219,0.058,0,0.008,6.820000172,-0.037,-0.071000002,0.074000001,0.081,0.74,0.179,197.3,234.4,71.7,73.3,4.655,4.489,25,run_first
2023,ARI,465.311,0.569,0.431,-0.033,0.052,0.436,0.444,4.986,0.057,0.563,0.24,0.08,0.015,0.019,6.293,-0.153,0.091,0.33,0.638,0.306,0.054,192.832,240.657,71.243,74.2,4.653,4.492,4,pass_first
2023,ATL,470.689,0.546,0.454,-0.043,-0.058,0.413,0.452,4.345,0.002,0.487,0.233,0.043,0.135,0.078,6.763,-0.165,-0.055,0.249,0.363,0.629,0.004,195.583,241.422,72.173,74.786,4.653,4.492,26,run_first
2023,BAL,603.967,0.48,0.52,0.133,0.1,0.489,0.475,5.593,0,0.322,0.183,0.01,0.218,0.163,6.775,0.086,0.149,-0.077,0.171,0.624,0.195,197.968,243.009,71.922,74.892,4.653,4.492,1,run_first
2023,BUF,521.578,0.573,0.427,0.176,0.098,0.48,0.493,4.845,0.033,0.678,0.096,0.011,0.093,0.031,6.502,-0.169,0.007,0.547,0.095,0.848,0.056,193.626,232.236,71.664,73.029,4.653,4.492,2,pass_first
2023,CAR,426.522,0.583,0.417,-0.151,-0.008,0.432,0.389,4.452,0.004,0.749,0.136,0.017,0.049,0.024,6.719,-0.074,0.077,0.602,0.29,0.638,0.068,198.409,240.566,72.42,74.479,4.653,4.492,13,pass_first
2023,CHI,481.611,0.546,0.454,-0.141,0.009,0.42,0.394,4.545,0.007,0.641,0.191,0.04,0.066,0.016,6.568,-0.03,0.024,0.517,0.263,0.674,0.054,198.266,237.883,72.002,74.027,4.653,4.492,8,run_first
2023,CIN,405.544,0.642,0.358,0.079,-0.034,0.407,0.482,4.23,0.014,0.732,0.157,0.006,0.004,0.046,6.583,-0.153,-0.025,0.437,0.238,0.623,0.135,195.656,233.924,71.621,73.979,4.653,4.492,14,pass_first
2023,CLE,487.072,0.573,0.427,-0.112,-0.007,0.416,0.412,4.475,0.01,0.609,0.172,0.073,0.052,0.037,6.748,-0.046,0.14,0.459,0.337,0.508,0.129,198.371,231.887,72.732,73.467,4.653,4.492,11,pass_first
2023,DAL,468.9,0.603,0.397,0.035,-0.043,0.423,0.465,4.277,0.019,0.672,0.171,0.03,0.055,0.015,6.616,-0.134,-0.039,0.541,0.129,0.721,0.149,201.766,239.037,73.449,74.407,4.653,4.492,21,pass_first
2023,DEN,445.9,0.571,0.429,-0.034,-0.037,0.423,0.413,4.435,0,0.596,0.227,0.054,0.056,0.04,6.721,-0.142,-0.057,0.749,0.306,0.568,0.111,195.066,243.027,71.786,74.901,4.653,4.492,16,pass_first
2023,DET,503.244,0.565,0.435,0.134,-0.003,0.433,0.495,4.833,0.009,0.588,0.211,0.031,0.079,0.05,6.832,0.07,-0.072,0.02,0.347,0.618,0.023,194.902,241.904,72.068,74.408,4.653,4.492,10,pass_first
2023,GB,491.594,0.55,0.45,0.128,0.026,0.454,0.471,4.719,0.006,0.635,0.307,0.014,0.064,0,6.75,-2.788,0.115,0.222,0.314,0.654,0.029,198.778,241.052,71.942,74.823,4.653,4.492,6,run_first
2023,HOU,432.994,0.602,0.398,-0.016,-0.116,0.362,0.426,4.074,0.005,0.599,0.246,0.035,0.084,0.023,6.692,-0.154,-0.17,0.072,0.303,0.692,0,196.357,232.267,71.251,73.566,4.653,4.492,31,pass_first
2023,IND,476.878,0.554,0.446,-0.047,-0.035,0.41,0.421,4.746,0.004,0.733,0.192,0.027,0.032,0.01,6.558,-0.118,0.022,0.007,0.177,0.774,0.046,201.236,226.926,72.104,73.341,4.653,4.492,15,pass_first
2023,JAX,410.944,0.61,0.39,-0.021,-0.053,0.407,0.447,4.398,0.013,0.666,0.224,0.056,0.015,0.008,6.566,0.027,0.025,-0.091,0.336,0.623,0.038,198.104,239.373,71.702,74.495,4.653,4.492,25,pass_first
2023,KC,491.906,0.621,0.379,0.16,0.048,0.459,0.501,4.636,0,0.612,0.281,0.075,0.011,0.013,6.428,-0.017,0.122,0.753,0.258,0.547,0.192,197.785,235.008,72.197,73.561,4.653,4.492,5,pass_first
2023,LA,480.989,0.585,0.415,0.075,-0.046,0.424,0.479,4.248,0.011,0.875,0.107,0.005,0,0.004,6.674,-0.108,-0.008,-0.174,0.256,0.547,0.194,193.817,245.941,71.575,74.601,4.653,4.492,22,pass_first
2023,LAC,433.028,0.611,0.389,0.048,-0.062,0.4,0.454,4.149,0.003,0.663,0.151,0.017,0.09,0.04,6.637,-0.027,-0.085,0.835,0.263,0.6,0.131,197.863,239.419,71.912,74.27,4.653,4.492,28,pass_first
2023,LV,404.311,0.612,0.388,-0.029,-0.122,0.395,0.447,4.083,0,0.582,0.21,0.04,0.11,0.039,6.718,-0.058,-0.052,0.245,0.304,0.528,0.165,194.35,232.31,72.05,73.76,4.653,4.492,32,pass_first
2023,MIA,428.772,0.603,0.397,0.065,-0.086,0.406,0.471,4.333,0.01,0.361,0.23,0.017,0.314,0.034,6.529,-0.215,-0.023,0.168,0.414,0.476,0.105,196.668,242.8,72.1,74.389,4.653,4.492,29,pass_first
2023,MIN,433.717,0.603,0.397,0.038,-0.046,0.415,0.465,4.435,0.002,0.554,0.208,0.021,0.142,0.037,6.74,-0.008,-0.013,-0.064,0.294,0.656,0.037,196.403,242.251,72.303,74.42,4.653,4.492,22,pass_first
2023,NE,429.817,0.57,0.43,-0.133,-0.037,0.423,0.419,4.453,0.002,0.597,0.246,0.018,0.09,0.019,6.679,0.036,-0.007,0.249,0.147,0.629,0.218,199.294,245.734,72.049,74.185,4.653,4.492,16,pass_first
2023,NO,467.639,0.556,0.444,-0.03,-0.051,0.415,0.433,4.26,0.001,0.398,0.201,0.05,0.162,0.07,6.8,-0.109,-0.086,0.197,0.292,0.575,0.13,197.296,233.669,71.963,73.832,4.653,4.492,24,pass_first
2023,NYG,446.183,0.583,0.417,-0.137,-0.038,0.416,0.402,4.558,0.004,0.655,0.214,0.034,0.043,0.027,6.599,-0.052,0.121,0.056,0.29,0.466,0.243,195.295,244.14,72.138,74.969,4.653,4.492,19,pass_first
2023,NYJ,375.189,0.634,0.366,-0.135,-0.094,0.387,0.397,4.28,0,0.7,0.199,0.034,0.053,0.01,6.572,-0.066,-0.067,0.036,0.295,0.651,0.049,197.385,232.194,71.837,73.615,4.653,4.492,30,pass_first
2023,PHI,611.267,0.51,0.49,0.061,0.086,0.469,0.444,4.903,0.009,0.651,0.276,0.035,0.022,0.011,6.647,0.041,0.146,0.074,0.227,0.74,0.031,194.517,235.814,71.668,73.634,4.653,4.492,3,run_first
2023,PIT,471.383,0.566,0.434,-0.058,-0.058,0.408,0.413,4.131,0.001,0.665,0.2,0.062,0.032,0.021,6.744,-0.024,-0.067,0.022,0.327,0.53,0.123,198.727,238.694,72.516,73.873,4.653,4.492,26,pass_first
2023,SEA,399.233,0.609,0.391,0.02,-0.007,0.422,0.459,4.728,0.008,0.667,0.235,0.053,0.017,0.01,6.472,0.081,0.083,0.075,0.212,0.609,0.173,197.286,246.859,71.876,73.666,4.653,4.492,11,pass_first
2023,SF,531.844,0.536,0.464,0.189,0.006,0.444,0.504,4.811,0,0.418,0.103,0.003,0.387,0.075,6.933,0.006,-0.049,0.274,0.264,0.726,0.008,197.271,228.082,71.84,73.913,4.653,4.492,9,run_first
2023,TB,446.839,0.625,0.375,0.127,-0.042,0.415,0.483,4.423,0.014,0.702,0.197,0.027,0.035,0.008,6.542,-0.124,-0.047,-0.003,0.391,0.593,0.01,198.302,245.152,71.858,74.301,4.653,4.492,20,pass_first
2023,TEN,479.122,0.539,0.461,-0.036,-0.037,0.404,0.43,4.459,0,0.587,0.244,0.063,0.056,0.029,6.793,0.479,0,0.205,0.19,0.622,0.185,198.593,238.993,71.571,74.137,4.653,4.492,16,run_first
2023,WAS,494.45,0.576,0.424,-0.068,0.018,0.439,0.419,4.503,0.006,0.678,0.194,0.032,0.055,0.013,6.449,0.092,-0.051,0.375,0.15,0.692,0.155,197.716,234.858,72.181,73.766,4.653,4.492,7,pass_first
2024,ARI,478.044,0.56,0.44,-0.022,0.077,0.446,0.449,5.128,0.041,0.568,0.243,0.091,0.013,0.02,6.205,-0.16,0.124,0.346,0.53,0.358,0.107,191.987,240.487,71.198,74.167,4.651,4.492,4,pass_first
2024,ATL,479.956,0.534,0.466,-0.08,-0.057,0.417,0.444,4.349,0,0.486,0.242,0.042,0.126,0.085,6.713,-0.18,-0.054,0.253,0.314,0.673,0.006,194.867,242.84,72.253,74.944,4.651,4.492,25,run_first
2024,BAL,626.733,0.464,0.536,0.159,0.117,0.5,0.483,5.762,0,0.293,0.178,0.003,0.241,0.175,6.744,0.114,0.16,-0.17,0.138,0.626,0.216,198.131,242.264,71.989,75.067,4.651,4.492,1,run_first
2024,BUF,530.511,0.577,0.423,0.215,0.115,0.49,0.507,4.86,0.034,0.692,0.09,0.011,0.08,0.031,6.44,-0.193,-0.004,0.606,0.158,0.746,0.095,193.231,231.044,71.689,72.942,4.651,4.492,2,pass_first
2024,CAR,424.289,0.583,0.417,-0.174,-0.004,0.436,0.38,4.437,0.004,0.781,0.123,0.016,0.04,0.016,6.669,-0.077,0.098,0.659,0.281,0.577,0.133,198.049,241.651,72.493,74.676,4.651,4.492,12,pass_first
2024,CHI,493.778,0.54,0.46,-0.16,0.025,0.426,0.385,4.579,0.007,0.654,0.191,0.041,0.055,0.015,6.521,-0.004,0.032,0.613,0.194,0.699,0.086,198.502,236.267,72.062,73.962,4.651,4.492,7,run_first
2024,CIN,406.578,0.649,0.351,0.095,-0.028,0.411,0.49,4.244,0.015,0.732,0.155,0.002,0,0.051,6.571,-0.158,-0.019,0.517,0.262,0.619,0.112,195.422,232.418,71.609,74.076,4.651,4.492,14,pass_first
2024,CLE,502.689,0.568,0.432,-0.122,-0.004,0.418,0.413,4.402,0.011,0.616,0.171,0.073,0.042,0.038,6.734,-0.041,0.168,0.517,0.331,0.491,0.126,198.509,230.76,72.987,73.449,4.651,4.492,12,pass_first
2024,DAL,466.867,0.612,0.388,0.027,-0.06,0.418,0.463,4.191,0.022,0.678,0.172,0.028,0.053,0.009,6.555,-0.155,-0.064,0.674,0.219,0.702,0.076,201.718,239.093,73.684,74.536,4.651,4.492,26,pass_first
2024,DEN,452.2,0.567,0.433,-0.026,-0.029,0.431,0.413,4.463,0,0.597,0.239,0.058,0.044,0.041,6.705,-0.139,-0.062,0.879,0.289,0.559,0.125,194.536,243.229,71.796,75.082,4.651,4.492,15,pass_first
2024,DET,528.178,0.552,0.448,0.153,0.021,0.447,0.504,5.004,0.007,0.572,0.226,0.033,0.079,0.053,6.832,0.121,-0.066,0.006,0.487,0.478,0.011,193.962,241.542,72.147,74.5,4.651,4.492,9,pass_first
2024,GB,509.311,0.534,0.466,0.135,0.023,0.453,0.473,4.709,0.004,0.64,0.335,0.014,0.063,0,6.77,-3.353,0.124,0.198,0.339,0.64,0.016,198.993,239.78,71.982,74.82,4.651,4.492,8,run_first
2024,HOU,428.844,0.607,0.393,-0.015,-0.125,0.36,0.421,4.043,0.005,0.607,0.249,0.038,0.082,0.023,6.681,-0.156,-0.191,0.021,0.273,0.719,0.001,196.436,229.267,71.182,73.351,4.651,4.492,31,pass_first
2024,IND,485.244,0.548,0.452,-0.059,-0.037,0.409,0.414,4.814,0.003,0.751,0.182,0.023,0.031,0.009,6.51,-0.117,0.024,-0.042,0.183,0.727,0.085,201.362,224.498,72.124,73.336,4.651,4.492,19,run_first
2024,JAX,406.111,0.612,0.388,-0.015,-0.051,0.411,0.451,4.395,0.01,0.668,0.236,0.06,0.007,0.003,6.504,0.066,0.03,-0.143,0.34,0.58,0.074,197.891,239.571,71.68,74.727,4.651,4.492,23,pass_first
2024,KC,505.022,0.622,0.378,0.154,0.054,0.465,0.504,4.612,0,0.619,0.289,0.081,0.001,0.01,6.394,-0.02,0.144,0.892,0.296,0.551,0.146,197.947,233.333,72.289,73.496,4.651,4.492,5,pass_first
2024,LA,488.022,0.584,0.416,0.089,-0.042,0.426,0.487,4.254,0.012,0.896,0.095,0.002,0,0.004,6.647,-0.089,-0.002,-0.184,0.263,0.481,0.25,193.582,247.036,71.667,74.649,4.651,4.492,20,pass_first
2024,LAC,438.778,0.61,0.39,0.033,-0.062,0.401,0.45,4.154,0.003,0.67,0.148,0.015,0.09,0.039,6.589,-0.005,-0.101,0.981,0.238,0.569,0.18,197.558,240.242,71.917,74.533,4.651,4.492,28,pass_first
2024,LV,403.378,0.614,0.386,-0.042,-0.132,0.393,0.444,4.012,0,0.576,0.23,0.039,0.114,0.034,6.691,-0.037,-0.054,0.258,0.436,0.44,0.118,192.68,231.96,72.22,73.82,4.651,4.492,32,pass_first
2024,MIA,437.956,0.602,0.398,0.085,-0.083,0.412,0.478,4.36,0.011,0.307,0.236,0.014,0.362,0.037,6.501,-0.229,-0.008,0.219,0.384,0.55,0.056,196.131,243.233,72.1,74.489,4.651,4.492,29,pass_first
2024,MIN,433.4,0.606,0.394,0.032,-0.032,0.425,0.464,4.497,0.001,0.561,0.21,0.019,0.145,0.031,6.686,0.02,0.003,-0.069,0.411,0.503,0.058,195.793,242.916,72.36,74.427,4.651,4.492,17,pass_first
2024,NE,414.2,0.569,0.431,-0.186,-0.042,0.423,0.408,4.48,0,0.614,0.271,0.021,0.062,0.014,6.605,0.052,-0.012,0.276,0.205,0.647,0.137,198.929,245.549,72.118,74.18,4.651,4.492,20,pass_first
2024,NO,469.889,0.55,0.45,-0.065,-0.061,0.414,0.418,4.207,0,0.38,0.218,0.056,0.157,0.069,6.758,-0.125,-0.104,0.185,0.33,0.585,0.079,197.324,232.478,72.024,73.787,4.651,4.492,27,run_first
2024,NYG,457.8,0.574,0.426,-0.151,-0.032,0.423,0.398,4.608,0.005,0.648,0.218,0.035,0.044,0.028,6.576,-0.029,0.154,0.068,0.285,0.512,0.2,194.993,244.553,72.24,75.078,4.651,4.492,17,pass_first
2024,NYJ,370.289,0.643,0.357,-0.138,-0.093,0.392,0.396,4.309,0,0.727,0.206,0.034,0.051,0.007,6.546,-0.045,-0.064,-0.014,0.3,0.642,0.048,197.013,229.711,71.827,73.487,4.651,4.492,30,pass_first
2024,PHI,639.467,0.494,0.506,0.064,0.11,0.476,0.443,4.994,0.009,0.669,0.273,0.032,0.021,0.007,6.637,0.075,0.177,0.027,0.239,0.734,0.022,194.549,235.971,71.747,73.731,4.651,4.492,3,run_first
2024,PIT,483.4,0.554,0.446,-0.084,-0.056,0.408,0.403,4.116,0.001,0.66,0.217,0.071,0.032,0.012,6.726,-0.01,-0.07,0.002,0.328,0.57,0.062,199.047,238.044,72.669,73.904,4.651,4.492,24,pass_first
2024,SEA,387.867,0.616,0.384,0.009,-0.002,0.426,0.458,4.754,0.007,0.674,0.246,0.058,0.007,0.007,6.429,0.113,0.104,0.056,0.138,0.672,0.179,196.162,248.464,71.698,73.684,4.651,4.492,11,pass_first
2024,SF,544.978,0.53,0.47,0.225,0.018,0.451,0.516,4.867,0,0.399,0.094,0.002,0.412,0.08,6.928,0.028,-0.057,0.36,0.235,0.749,0.012,196.676,226.153,71.753,73.907,4.651,4.492,10,run_first
2024,TB,454.822,0.625,0.375,0.132,-0.03,0.422,0.482,4.524,0.013,0.718,0.196,0.026,0.03,0.002,6.475,-0.121,-0.039,-0.069,0.376,0.601,0.011,198.529,246.647,71.951,74.416,4.651,4.492,16,pass_first
2024,TEN,477.422,0.541,0.459,-0.049,-0.044,0.399,0.426,4.4,0,0.609,0.244,0.057,0.049,0.025,6.714,0.588,-0.007,0.169,0.243,0.628,0.123,198.68,237.913,71.609,74.142,4.651,4.492,22,run_first
2024,WAS,514.933,0.57,0.43,-0.075,0.033,0.449,0.414,4.548,0.006,0.674,0.198,0.028,0.06,0.012,6.369,0.125,-0.049,0.431,0.218,0.643,0.13,197.451,233.118,72.238,73.718,4.651,4.492,6,pass_first
2025,ARI,490.778,0.552,0.448,-0.011,0.102,0.455,0.453,5.269,0.024,0.574,0.245,0.102,0.011,0.02,6.117,-0.167,0.157,0.362,0.421,0.411,0.161,191.142,240.317,71.153,74.133,4.648,4.493,4,pass_first
2025,ATL,489.222,0.522,0.478,-0.117,-0.057,0.421,0.436,4.353,0,0.485,0.252,0.042,0.117,0.091,6.663,-0.194,-0.053,0.258,0.265,0.716,0.008,194.15,244.258,72.333,75.103,4.648,4.493,25,run_first
2025,BAL,649.5,0.449,0.551,0.186,0.133,0.511,0.49,5.932,0,0.264,0.173,0,0.265,0.187,6.713,0.141,0.171,-0.262,0.104,0.628,0.238,198.294,241.519,72.056,75.242,4.648,4.493,2,run_first
2025,BUF,539.444,0.581,0.419,0.254,0.132,0.5,0.52,4.876,0.036,0.707,0.084,0.012,0.066,0.03,6.379,-0.216,-0.014,0.664,0.22,0.643,0.135,192.836,229.853,71.714,72.856,4.648,4.493,3,pass_first
2025,CAR,422.056,0.584,0.416,-0.196,0,0.44,0.371,4.422,0.005,0.814,0.11,0.016,0.031,0.008,6.619,-0.081,0.119,0.716,0.272,0.516,0.199,197.689,242.736,72.567,74.872,4.648,4.493,12,pass_first
2025,CHI,505.944,0.533,0.467,-0.178,0.041,0.431,0.376,4.613,0.007,0.667,0.191,0.043,0.044,0.014,6.474,0.022,0.041,0.709,0.126,0.725,0.119,198.739,234.65,72.122,73.897,4.648,4.493,8,run_first
2025,CIN,407.611,0.656,0.344,0.112,-0.021,0.414,0.498,4.259,0.016,0.732,0.153,0,0,0.056,6.559,-0.164,-0.013,0.596,0.287,0.614,0.088,195.189,230.911,71.597,74.172,4.648,4.493,16,pass_first
2025,CLE,518.306,0.563,0.437,-0.132,-0.001,0.42,0.414,4.329,0.012,0.623,0.17,0.073,0.032,0.038,6.719,-0.035,0.197,0.575,0.325,0.475,0.122,198.647,229.633,73.242,73.431,4.648,4.493,13,pass_first
2025,DAL,464.833,0.621,0.379,0.019,-0.077,0.414,0.461,4.104,0.025,0.684,0.172,0.027,0.051,0.003,6.494,-0.176,-0.09,0.808,0.31,0.682,0.004,201.669,239.15,73.919,74.664,4.648,4.493,28,pass_first
2025,DEN,458.5,0.563,0.437,-0.018,-0.021,0.438,0.412,4.491,0,0.599,0.251,0.062,0.032,0.043,6.688,-0.136,-0.066,1.009,0.271,0.549,0.138,194.006,243.431,71.806,75.264,4.648,4.493,16,pass_first
2025,DET,553.111,0.54,0.46,0.173,0.046,0.461,0.513,5.176,0.004,0.556,0.241,0.036,0.078,0.057,6.832,0.171,-0.06,-0.009,0.626,0.338,0,193.022,241.181,72.225,74.592,4.648,4.493,7,run_first
2025,GB,527.028,0.518,0.482,0.143,0.02,0.453,0.476,4.698,0.002,0.646,0.363,0.013,0.062,0,6.791,-3.918,0.133,0.175,0.363,0.627,0.002,199.208,238.508,72.022,74.817,4.648,4.493,10,run_first
2025,HOU,424.694,0.611,0.389,-0.013,-0.133,0.357,0.417,4.013,0.004,0.615,0.251,0.042,0.079,0.024,6.669,-0.158,-0.212,-0.029,0.242,0.745,0.001,196.514,226.267,71.114,73.136,4.648,4.493,31,pass_first
2025,IND,493.611,0.542,0.458,-0.071,-0.039,0.407,0.408,4.882,0.003,0.769,0.173,0.018,0.031,0.008,6.461,-0.116,0.026,-0.09,0.188,0.679,0.125,201.489,222.069,72.144,73.331,4.648,4.493,20,run_first
2025,JAX,401.278,0.614,0.386,-0.009,-0.049,0.415,0.454,4.392,0.008,0.669,0.248,0.063,0,0,6.442,0.104,0.034,-0.196,0.345,0.536,0.11,197.678,239.769,71.658,74.958,4.648,4.493,22,pass_first
2025,KC,518.139,0.623,0.377,0.148,0.061,0.472,0.506,4.587,0,0.626,0.297,0.087,0,0.007,6.361,-0.023,0.166,1.031,0.335,0.554,0.101,198.108,231.658,72.381,73.431,4.648,4.493,5,pass_first
2025,LA,495.056,0.582,0.418,0.103,-0.037,0.428,0.496,4.259,0.013,0.917,0.082,0,0,0.004,6.619,-0.07,0.003,-0.193,0.269,0.415,0.307,193.347,248.131,71.758,74.697,4.648,4.493,19,pass_first
2025,LAC,444.528,0.61,0.39,0.019,-0.062,0.403,0.445,4.16,0.003,0.676,0.145,0.013,0.09,0.038,6.541,0.017,-0.118,1.126,0.214,0.537,0.23,197.254,241.064,71.921,74.796,4.648,4.493,26,pass_first
2025,LV,402.444,0.616,0.383,-0.056,-0.143,0.39,0.442,3.941,0,0.571,0.249,0.038,0.118,0.028,6.665,-0.017,-0.056,0.271,0.568,0.353,0.07,191.01,231.61,72.39,73.88,4.648,4.493,32,pass_first
2025,MIA,447.139,0.601,0.399,0.105,-0.08,0.419,0.484,4.387,0.012,0.254,0.243,0.01,0.41,0.04,6.473,-0.242,0.007,0.269,0.353,0.625,0.006,195.594,243.667,72.1,74.589,4.648,4.493,29,pass_first
2025,MIN,433.083,0.608,0.392,0.027,-0.017,0.435,0.463,4.559,0.001,0.568,0.212,0.017,0.148,0.025,6.632,0.049,0.02,-0.073,0.529,0.35,0.08,195.183,243.581,72.417,74.433,4.648,4.493,14,pass_first
2025,NE,398.583,0.568,0.432,-0.239,-0.048,0.422,0.396,4.506,0,0.631,0.297,0.023,0.034,0.01,6.531,0.069,-0.017,0.303,0.262,0.664,0.057,198.564,245.364,72.186,74.175,4.648,4.493,21,pass_first
2025,NO,472.139,0.545,0.455,-0.099,-0.07,0.412,0.404,4.154,0,0.362,0.235,0.062,0.152,0.068,6.716,-0.142,-0.122,0.173,0.368,0.596,0.028,197.353,231.286,72.086,73.742,4.648,4.493,27,run_first
2025,NYG,469.417,0.566,0.434,-0.166,-0.025,0.431,0.394,4.658,0.005,0.641,0.223,0.036,0.045,0.029,6.553,-0.007,0.187,0.081,0.281,0.557,0.158,194.692,244.967,72.342,75.186,4.648,4.493,18,pass_first
2025,NYJ,365.389,0.652,0.348,-0.141,-0.091,0.397,0.394,4.338,0,0.755,0.214,0.033,0.049,0.005,6.519,-0.024,-0.061,-0.064,0.305,0.633,0.047,196.642,227.228,71.817,73.358,4.648,4.493,30,pass_first
2025,PHI,667.667,0.477,0.523,0.067,0.134,0.483,0.443,5.086,0.009,0.687,0.269,0.029,0.019,0.004,6.627,0.109,0.209,-0.019,0.25,0.729,0.014,194.581,236.128,71.825,73.828,4.648,4.493,1,run_first
2025,PIT,495.417,0.542,0.458,-0.11,-0.055,0.408,0.393,4.101,0.001,0.654,0.234,0.08,0.033,0.004,6.707,0.005,-0.073,-0.018,0.33,0.61,0,199.367,237.394,72.822,73.936,4.648,4.493,24,run_first
2025,SEA,376.5,0.624,0.376,-0.003,0.002,0.431,0.457,4.781,0.007,0.681,0.257,0.063,0,0.005,6.386,0.144,0.125,0.036,0.064,0.734,0.186,195.039,250.069,71.519,73.703,4.648,4.493,11,pass_first
2025,SF,558.111,0.525,0.475,0.261,0.03,0.459,0.527,4.923,0,0.38,0.084,0.001,0.437,0.086,6.923,0.051,-0.066,0.447,0.206,0.772,0.016,196.081,224.225,71.667,73.9,4.648,4.493,9,run_first
2025,TB,462.806,0.624,0.376,0.138,-0.019,0.43,0.482,4.625,0.012,0.735,0.196,0.026,0.026,0,6.408,-0.117,-0.032,-0.135,0.36,0.61,0.011,198.756,248.142,72.044,74.531,4.648,4.493,15,pass_first
2025,TEN,475.722,0.543,0.457,-0.063,-0.051,0.394,0.421,4.341,0,0.632,0.243,0.051,0.043,0.02,6.636,0.697,-0.015,0.133,0.296,0.634,0.062,198.767,236.833,71.647,74.147,4.648,4.493,23,run_first
2025,WAS,535.417,0.565,0.435,-0.083,0.047,0.459,0.408,4.592,0.006,0.669,0.203,0.024,0.066,0.011,6.288,0.158,-0.046,0.488,0.287,0.595,0.106,197.186,231.378,72.294,73.669,4.648,4.493,6,pass_first